0
74692
87099
141835
148057
177118
249086
293567
329199
403719
458086
513606
526133
538188
545223
644153
736199
792322
865868
876278
934826
975463
992118
1031573
1098483
1178348
1234686
1266174
1295998
1333208
1396472
1435998
1438411
1527632
1579005
1635599
1698835
1776339
1823628
1888829
1949536
1993732
2041782
2112356
2155544
2230665
2281195
2336044
2399263
2413279
2425232
2476058
2553376
2638172
2701105
2702195
2799593
2859944
2869804
2930407
2996377
3014442
3092782
3135208
3201047
3245522
3289125
3320548
3393327
3408770
3476973
3521051
3597810
3599314
3651331
3711980
3764729
3815904
3887406
3901913
3933838
3934262
4004448
4063008
4093564
4106343
4193591
4211156
4266756
4273143
4277772
4349439
4391482
4453247
4535236
4603498
4609617
4660542
4724735
4757210
4763538
4807076
4874301
4904110
4947852
5021253
5073522
5100454
5187771
5227110
5324275
5358394
5372507
5453759
5494448
5558184
5569781
5602385
5640352
5671208
5764912
5821886
5886128
5917504
5962398
6026654
6113888
6171406
6234568
6285836
6303711
6314939
6362731
6442129
6483779
6581418
6615595
6687702
6746158
6768220
6835655
6900666
6977942
7001312
7043694
7094375
7099680
7196061
7271904
7290158
7374881
7426154
7442237
7463642
7515044
7522514
7605306
7675316
7774095
7854558
7909887
7954611
7969790
7972497
7985466
8066725
8126203
8176887
8220487
8220942
8235232
8310858
8328912
8354755
8421419
8521056
8603857
8649329
8673903
8690119
8714271
8727653
8762630
8861454
8883329
8966082
9061681
9109578
9157323
9248182
9266251
9277510
9279376
9303218
9334693
9350436
9391220
9426104
9511784
9539797
9550804
9572371
9634656
9651939
9703985
9745862
9756624
9760660
9816902
9881381
9914911
9934539
9989974
10000446
10019705
10100857
10198414
10215628
10249479
10278342
10288269
10363491
10399231
10404523
10496701
10585718
10655189
10704044
10704198
10746377
10845954
10943645
10999178
11044873
11117933
11212723
11287971
11362888
11392456
11489643
11509615
11531309
11616892
11663143
11749146
11778423
11794042
11888247
11895876
11924560
12024370
12077023
12152704
12168744
12195140
12196248
12287719
12371077
12444602
12511363
12537154
12564031
12638968
12694102
12783432
12825301
12912818
12994900
13038062
13103576
13193083
13280092
13341923
13400347
13468914
13541193
13589290
13687306
13691321
13719639
13796711
13854737
13921496
13923874
13975244
14014570
14030820
14065959
14103465
14146366
14161092
14197992
14281222
14286980
14325260
14356021
14435295
14512973
14545490
14644458
14663937
14739416
14783641
14785911
14795167
14848813
14936068
15014189
15100263
15183027
15211813
15266298
15351096
15417485
15453289
15483734
15518891
15524526
15597332
15601054
15700900
15772853
15785810
15801838
15882439
15977880
16049473
16065289
16132809
16210404
16263268
16324956
16336011
16347001
16446376
16526464
16605651
16683024
16683127
16709644
16803723
16899779
16900847
16937491
17017426
17032472
17115038
17142488
17145120
17189383
17281321
17323205
17398849
17463978
17516230
17548986
17622789
17717721
17753448
17761057
17791502
17863674
17939063
18014482
18016580
18038723
18112668
18210955
18213617
18273017
18315373
18362329
18392247
18411500
18440293
18515810
18592233
18671665
18680434
18727253
18805097
18807178
18873498
18879601
18939954
18974112
19028880
19107018
19193238
19292497
19371527
19424149
19491745
19525410
19575980
19647894
19741854
19765782
19833337
19879988
19933109
19998013
20060781
20088064
20101607
20127916
20142564
20152917
20247783
20253432
20255983
20320268
20354734
20359035
20428941
20442033
20510022
20582198
20617074
20691670
20698122
20781683
20791406
20812793
20882986
20916139
20949814
21042648
21104567
21118994
21132728
21232509
21270029
21344652
21355872
21450858
21535997
21556504
21599068
21683145
21768885
21830153
21856617
21950814
22047285
22137715
22147720
22218055
22314761
22324116
22375517
22454908
22524992
22587748
22678790
22698587
22747817
22777600
22785821
22791255
22852224
22894139
22897108
22915560
22936240
22977765
23009152
23055549
23075702
23077662
23163521
23188245
23212928
23248930
23261043
23328823
23374701
23467895
23468231
23510387
23587390
23650513
23719881
23754325
23821651
23919691
23984396
24054571
24127263
24144890
24168591
24183970
24254619
24298117
24362864
24456492
24468827
24494527
24581628
24624108
24699667
24735217
24766975
24776202
24784949
24833830
24854609
24913600
24951039
24953225
24986182
24993112
25028234
25084458
25089276
25157820
25252339
25266238
25308603
25319575
25397778
25461426
25549121
25597362
25612705
25675339
25728412
25789606
25828765
25878954
25954825
26041314
26045547
26085648
26183799
26206195
26296240
26381521
26468420
26551699
26563110
26594564
26608037
26641560
26710195
26760902
26827904
26910603
26969778
27054630
27113143
27132840
27197095
27235363
27327673
27349255
27419813
27467187
27487078
27539562
27598860
27695818
27763451
27861333
27921476
27960539
28006170
28034615
28105591
28151505
28199519
28226278
28296963
28305349
28359650
28432839
28507779
28542064
28570982
28624427
28630934
28672215
28734867
28761312
28795004
28823083
28890042
28952597
29035694
29093378
29098802
29196747
29246715
29282803
29345095
29373978
29452768
29473911
29518454
29605106
29615972
29700018
29770847
29791823
29865940
29903955
29975646
30046454
30103203
30135841
30148012
30200683
30290515
30360644
30388746
30474049
30535341
30601316
30659309
30717150
30756551
30822375
30844723
30857486
30892287
30975326
31056074
31107158
31185013
31253172
31333362
31424527
31500862
31558698
31601966
31613270
31703107
31705675
31786758
31838485
31892285
31938601
31957664
31991064
32086017
32168800
32201279
32284777
32318872
32332396
32364103
32457884
32535612
32564596
32616449
32622245
32622811
32673870
32753338
32765365
32827066
32914134
32978223
33040901
33114247
33123923
33137071
33224322
33297906
33392359
33407878
33449862
33513377
33578958
33585247
33637755
33697645
33785577
33813929
33866147
33929716
34026464
34057746
34134970
34178948
34201154
34203663
34204118
34238030
34250181
34317492
34361616
34397981
34411434
34454723
34532353
34578351
34661799
34757412
34805856
34897114
34971418
35004430
35067351
35106540
35193302
35216836
35258707
35272799
35331871
35368310
35401871
35459103
35532049
35569668
35657760
35666359
35673184
35748589
35799833
35846859
35892869
35950913
36008399
36089941
36104996
36154502
36178467
36219127
36253216
36271709
36335021
36343068
36426465
36487865
36586653
36615290
36624132
36688801
36696748
36702377
36760856
36842056
36899450
36925675
36965294
36979028
37020860
37037792
37076022
37140437
37188307
37222325
37266677
37309240
37322029
37364495
37423358
37431556
37528604
37603480
37680296
37769226
37849588
37882313
37961147
38034179
38109166
38187203
38222543
38248554
38339405
38354753
38369270
38437229
38444555
38458811
38459735
38480707
38544235
38623704
38714924
38721044
38755881
38794052
38813903
38845005
38893815
38935629
39026428
39068059
39078597
39174952
39222681
39248370
39295205
39394804
39461993
39519938
39606605
39653440
39739540
39756791
39794596
39848548
39902306
39994245
40090772
40173758
40239013
40282860
40338617
40405083
40432230
40470917
40543501
40544008
40578539
40621311
40633348
40710132
40749107
40801180
40877958
40885160
40902004
40974111
41034268
41055777
41060380
41081733
41124879
41147954
41224460
41321981
41369392
41407828
41444189
41517581
41592146
41617589
41645447
41740604
41787101
41883592
41983307
42006551
42025677
42091234
42169858
42177076
42259582
42329311
42352947
42430363
42482272
42542651
42602214
42688204
42775691
42856288
42902420
42996771
43062504
43114989
43167514
43182079
43249198
43316231
43354292
43402026
43467289
43545871
43633932
43666250
43685857
43694177
43767070
43862731
43931250
43968871
43969853
44045431
44059764
44106926
44172620
44241219
44321835
44368205
44429950
44483449
44497672
44505372
44592898
44626449
44650342
44749713
44788803
44837623
44865986
44914385
44949839
44993955
45091344
45101370
45136069
45137359
45138561
45151665
45235747
45253822
45318275
45361645
45448526
45502964
45570176
45658466
45735797
45809224
45848179
45880924
45956385
46001036
46081917
46176484
46230117
46314924
46334089
46419293
46436552
46446471
46514380
46528145
46591162
46644370
46717994
46736530
46818226
46914839
46994453
47016242
47070797
47089168
47158547
47175888
47218212
47229170
47265918
47340213
47380887
47393689
47441420
47507651
47547422
47610619
47673996
47686117
47709752
47763253
47810055
47890564
47959912
47966583
48057090
48129006
48214654
48307376
48373285
48416662
48476748
48539388
48611254
48638756
48642820
48733997
48755009
48758790
48809576
48848032
48909978
48961953
49037733
49043112
49064052
49145769
49198506
49213616
49237197
49292717
49318092
49387706
49456938
49496456
49574168
49583379
49621170
49625643
49683706
49719163
49740267
49776924
49847531
49884692
49896564
49931387
49961046
49970126
49991134
50051658
50116051
50128019
50196511
50282448
50369732
50403442
50430816
50439169
50446643
50528330
50576117
50625685
50720812
50744930
50760451
50787121
50796740
50799060
50819421
50839611
50880172
50897488
50964313
51058987
51081550
51152487
51246724
51249964
51315812
51343288
51440802
51539290
51555545
51627763
51701010
51750690
51815441
51856777
51889266
51962645
52019622
52077035
52089368
52154049
52237312
52325529
52386918
52467795
52476363
52521593
52588676
52610742
52675959
52686497
52692307
52721018
52767269
52770329
52840051
52938279
52944589
53010170
53073112
53114463
53175954
53199802
53271544
53296805
53328802
53385491
53409579
53498203
53501458
53581144
53656427
53747410
53763010
53805130
53834324
53881851
53935336
53981017
54047324
54145247
54234606
54298069
54310455
54345256
54358970
54399957
54494390
54549488
54561255
54644868
54724214
54756615
54836592
54851735
54946839
54995048
55071037
55134861
55184014
55253578
55279207
55309763
55371463
55385470
55446518
55522195
55544184
55590220
55651234
55679003
55738941
55813733
55853143
55933090
55988406
55992992
56006048
56066321
56124730
56190156
56260461
56337438
56411605
56491111
56512708
56513434
56520337
56603319
56648924
56657497
56719165
56814425
56820214
56891001
56925028
57005638
57012931
57036716
57087164
57123884
57207997
57226178
57283489
57335229
57400749
57409932
57432644
57469577
57569216
57582312
57659300
57668097
57747262
57776409
57863021
57906767
57944670
58041873
58072116
58101428
58185326
58230915
58287071
58326760
58376095
58383063
58439195
58466852
58513586
58540074
58587921
58673740
58701057
58754086
58757688
58778356
58799781
58862357
58902763
58966905
59061302
59063033
59090265
59128988
59190131
59204453
59222428
59312711
59391780
59447040
59488574
59531223
59612884
59662911
59679874
59684940
59691703
59753144
59812437
59887536
59903632
59934171
59947980
60027783
60103790
60153274
60220545
60223062
60299582
60310518
60332968
60432470
60516349
60563332
60655380
60721214
60759861
60793005
60819081
60884566
60946611
61026643
61122512
61179730
61225888
61305155
61311082
61357937
61380427
61444789
61527007
61602833
61702706
61749461
61788575
61836526
61886206
61946485
62015616
62041687
62113683
62153957
62177573
62183532
62208898
62235386
62318306
62354811
62431245
62486509
62512750
62536795
62538488
62590452
62592864
62642780
62692727
62759671
62852502
62926733
62961364
62968368
63005563
63010944
63103952
63168157
63247063
63274724
63292034
63352072
63364437
63381742
63413534
63460968
63517291
63542673
63624121
63705908
63737193
63834450
63878276
63966525
64009352
64095968
64119023
64159686
64252770
64256346
64288096
64308865
64361845
64368088
64441683
64451555
64514145
64544795
64638884
64675671
64697818
64779691
64862834
64880265
64973507
64998949
64999108
65034515
65069578
65162494
65259092
65353566
65399668
65412134
65456945
65508414
65603082
65646107
65738589
65767999
65846852
65886320
65951494
66009046
66028713
66097574
66151933
66212490
66218576
66266389
66314919
66362530
66403347
66425663
66426153
66472660
66526535
66569639
66632168
66709054
66731387
66759508
66798790
66815203
66874240
66941008
66969802
67004594
67078199
67167701
67216902
67243227
67322771
67328492
67407203
67459602
67556871
67643065
67649781
67695917
67776007
67861183
67861269
67953362
67956450
68027499
68091509
68142730
68212907
68251659
68331948
68361869
68417287
68510205
68525605
68617050
68622452
68696473
68784021
68806833
68873510
68953480
69008839
69094099
69099157
69197615
69260736
69278580
69352634
69385163
69441506
69494788
69497228
69593213
69656552
69712786
69763011
69842748
69920857
69968817
70054580
70124383
70220711
70296159
70301774
70333187
70377469
70471210
70521825
70575643
70663517
70716008
70716277
70751392
70781490
70843847
70917568
70987610
71025520
71088230
71097865
71192914
71196030
71232301
71271959
71357299
71369747
71412185
71511078
71521633
71578795
71589515
71606113
71644794
71712270
71725900
71738207
71784169
71802417
71869664
71912194
71934777
71967214
72051629
72075010
72092292
72116880
72144422
72168088
72196194
72235272
72316115
72359359
72380572
72407416
72443717
72485247
72492376
72548994
72564019
72606800
72685636
72735285
72809550
72862229
72937339
73018388
73116852
73128096
73146852
73246323
73316843
73372986
73430090
73473296
73569257
73579521
73630408
73677322
73765877
73779239
73854693
73925826
74010440
74051574
74087219
74168209
74236313
74246760
74315138
74387301
74420593
74464728
74531055
74595952
74677124
74680106
74762974
74832848
74890999
74904273
74975632
74992918
75053686
75069559
75160470
75243301
75317513
75380523
75427110
75514744
75571774
75622584
75691508
75738214
75773329
75873291
75950488
75955654
75957526
75964252
76024255
76026138
76031912
76074144
76162488
76227342
76258405
76267499
76329333
76361818
76441821
76539536
76546415
76564438
76648669
76699970
76788783
76836875
76859589
76907772
76967781
77036042
77113929
77155646
77193098
77213194
77238949
77295709
77336760
77385887
77443073
77484468
77540323
77555156
77613311
77701678
77747214
77810230
77891603
77971838
78035133
78127081
78221738
78282515
78338507
78382077
78458040
78487815
78519395
78583518
78585598
78643076
78695595
78725334
78799846
78878056
78965920
79016363
79108505
79115128
79133624
79162534
79163726
79228439
79325182
79409045
79453965
79517242
79543051
79590650
79594776
79623739
79647487
79720772
79745892
79784587
79842227
79866177
79890417
79925115
80019207
80068690
80146655
80230184
80259298
80347826
80351473
80450627
80481778
80581579
80665280
80678626
80686303
80712407
80809745
80850694
80928425
80932538
81014443
81059537
81115434
81161486
81202059
81243105
81315974
81415966
81430073
81525901
81624970
81709350
81777433
81875233
81965157
82030906
82097826
82190074
82280352
82335680
82384457
82441010
82483373
82543151
82605792
82622716
82674836
82738107
82764405
82825987
82916140
82953405
82980198
83018748
83069332
83127033
83176412
83204027
83282905
83299086
83372788
83407455
83498195
83566048
83623871
83634572
83693586
83747371
83829345
83906628
83993642
84049602
84072474
84076173
84125752
84178017
84246806
84252927
84340428
84386729
84470156
84534356
84537508
84565167
84586142
84637499
84687888
84775755
84840193
84873091
84953081
84992615
85078616
85155514
85231198
85257041
85352141
85442078
85450183
85481536
85581147
85625299
85707951
85807497
85868712
85929926
86011890
86093031
86183435
86244508
86325703
86363408
86422969
86441068
86459082
86516631
86606401
86666220
86729365
86742560
86782715
86866330
86949244
86967036
86982303
87078543
87158341
87252640
87322108
87324834
87363305
87406994
87478248
87508656
87521531
87613702
87635670
87726077
87789621
87858987
87906330
87965912
87982800
88005309
88097713
88133356
88162554
88172715
88228861
88314997
88350263
88447168
88527915
88616573
88626581
88676259
88713214
88756024
88779485
88809952
88838604
88899304
88998452
89062521
89093288
89121358
89213786
89263408
89272354
89329474
89377751
89412636
89487874
89583776
89667601
89745228
89770368
89866154
89904574
89941420
89983745
90010647
90048885
90124587
90145937
90216573
90267929
90299064
90391108
90421633
90442585
90508120
90528719
90583883
90627603
90632521
90671954
90707189
90715793
90722173
90730435
90758695
90788376
90794476
90831969
90916266
90959250
90970140
91062600
91095164
91175303
91195947
91262400
91275888
91276203
91373919
91377724
91378540
91404322
91404382
91438839
91526348
91583033
91638974
91675188
91705410
91717980
91799032
91870070
91897294
91948857
91958579
92041084
92098130
92116008
92198915
92209999
92211545
92255505
92309611
92408143
92437327
92525780
92609858
92627849
92703965
92714249
92788933
92860771
92891014
92892732
92960496
92994249
93067830
93142245
93175094
93229672
93294149
93368802
93458610
93462378
93529352
93596947
93660114
93695404
93713775
93794993
93812239
93895042
93965564
93973168
94023136
94081088
94154143
94225099
94273361
94328491
94411809
94478490
94526860
94535627
94543452
94600472
94675955
94764732
94860223
94887635
94976638
95041665
95076588
95133526
95186580
95274751
95277937
95292637
95382254
95407389
95431794
95514812
95523821
95586369
95646048
95658980
95739517
95749261
95759387
95833890
95928183
95951373
95995966
96017759
96018507
96068518
96083514
96181326
96276580
96287906
96378595
96473809
96488493
96568789
96626815
96667556
96724185
96758762
96807500
96907491
96951441
96959524
97042045
97062947
97063226
97137656
97174696
97177538
97223434
97316521
97416500
97446554
97494710
97554355
97649004
97742964
97772635
97848636
97921277
97948489
98039062
98112427
98196413
98277198
98294273
98305668
98330716
98403951
98473151
98542559
98606353
98686685
98702650
98742613
98778398
98818188
98885083
98892253
98975569
99069782
99103965
99158048
99246183
99246499
99251031
99279838
99334164
99392948
99490358
99563571
99588086
99665422
99756149
99763768
99773524
99784233
99823669
99884532
99953912
99988554
100069573
100144016
100178314
100237957
100280355
100322656
100361897
100370108
100440663
100475587
100534749
100631592
100639582
100668233
100690145
100770095
100823268
100832158
100922481
100963654
101041659
101087240
101186929
101243389
101295226
101391728
101470995
101518487
101609243
101628136
101718042
101778586
101870954
101877104
101884916
101953130
101994153
102081475
102106806
102144585
102225511
102314179
102394772
102489666
102493682
102532993
102624195
102712027
102763341
102794728
102838840
102887464
102984110
103083977
103167968
103259876
103344531
103382215
103434758
103483200
103504470
103601230
103668318
103740707
103827028
103918508
104012715
104025166
104117582
104162601
104208992
104224443
104256598
104273803
104353096
104445821
104502929
104590960
104689922
104695011
104744996
104762234
104852487
104920414
104932385
104950340
104993187
105043297
105060387
105137265
105153349
105168694
105182867
105186748
105248308
105339755
105388675
105413436
105477538
105484580
105545899
105620368
105698842
105742531
105763944
105846814
105848507
105875584
105965077
105982052
106037364
106100979
106171653
106241126
106298300
106376564
106434319
106517282
106566028
106575725
106662145
106673729
106747145
106817898
106890599
106898092
106900996
106949470
107014863
107056064
107087710
107152155
107190522
107267534
107361196
107421199
107444954
107541370
107549510
107577433
107648284
107724244
107793022
107861555
107881674
107936152
107996990
108066442
108145956
108214069
108263496
108324841
108407520
108438147
108464114
108511669
108515557
108534933
108590816
108679246
108745472
108755446
108835200
108848839
108912810
108962654
108962800
109010460
109110110
109151406
109185179
109230930
109259141
109347027
109365351
109414632
109510757
109536879
109632979
109656664
109751405
109793537
109878660
109972257
110004851
110052455
110052561
110056066
110069703
110100677
110117350
110208986
110274197
110283901
110373619
110394954
110426957
110447513
110449967
110529925
110629620
110674918
110695226
110739517
110797675
110897467
110914424
110920788
110956390
110983196
111026911
111102526
111127171
111159371
111178198
111267026
111321204
111366328
111422767
111514895
111613041
111679231
111762673
111795770
111885589
111907441
111971909
112055388
112115191
112159444
112221799
112258804
112276886
112290227
112319189
112393179
112394121
112432105
112497582
112596614
112660856
112698776
112785193
112876496
112971441
112994845
113085282
113145632
113225453
113263627
113298271
113397545
113491320
113585341
113594115
113601398
113659940
113699478
113759572
113790266
113885833
113965122
114034311
114102052
114148302
114216808
114275693
114361399
114425630
114472375
114552784
114594484
114654857
114688710
114765176
114812313
114813280
114904174
114936400
114937784
115024651
115093440
115142378
115143214
115161778
115196571
115212087
115231416
115241517
115279679
115313951
115347235
115383449
115387992
115418111
115464005
115541252
115609088
115664431
115713684
115758789
115793243
115837068
115870886
115895911
115979963
115990227
116010480
116023028
116086734
116158152
116250331
116325758
116333924
116401393
116491357
116531460
116587827
116604569
116617395
116703781
116752247
116790983
116824754
116862857
116906918
116969419
116985813
117033658
117122415
117211289
117233256
117309578
117341395
117437874
117449323
117520593
117590212
117596844
117623993
117677475
117740727
117809973
117862315
117927473
118018584
118082098
118163387
118200822
118208221
118236083
118247109
118282581
118355751
118397762
118421470
118451428
118470214
118554227
118580113
118620574
118719337
118796074
118799816
118842358
118868850
118948795
119017056
119071640
119155693
119156534
119161270
119194829
119290069
119388790
119406300
119466231
119491280
119548884
119549807
119644395
119719086
119769346
119802407
119814529
119829240
119888825
119931157
119975126
120054193
120081793
120096960
120133525
120156924
120193573
120252356
120270959
120357070
120376759
120413088
120424392
120454938
120462343
120543750
120617373
120706403
120738644
120823400
120916447
120988232
121063875
121148247
121157696
121229500
121300224
121380229
121475879
121493259
121519869
121565563
121643147
121737618
121825528
121923653
121981552
122048650
122065537
122095155
122157273
122188836
122230673
122292278
122320328
122396003
122413523
122464433
122512924
122571948
122605058
122620191
122679263
122749625
122773388
122865849
122954085
122999261
123052027
123083023
123142101
123153079
123166481
123219457
123274414
123295222
123388610
123471426
123549807
123638455
123725673
123809701
123891484
123931745
123998394
124028616
124127174
124182473
124252720
124295577
124386878
124451351
124531850
124631504
124655639
124727897
124763696
124807379
124900405
124936025
125012875
125041168
125125983
125220147
125264147
125341023
125426276
125466619
125503178
125582943
125664723
125744258
125826016
125898593
125899950
125911981
125924732
125983560
126020680
126092205
126102371
126105693
126192530
126193715
126234761
126250468
126307008
126357774
126371538
126411644
126458713
126467038
126547834
126583338
126614892
126633107
126672837
126734082
126805271
126867075
126889281
126889395
126893940
126913696
126914939
126964980
127029580
127054987
127120496
127199676
127255977
127287779
127356984
127404059
127459369
127474605
127528612
127563797
127606754
127667805
127763330
127844275
127940645
128037942
128127411
128201809
128274942
128341557
128410425
128439093
128503275
128579718
128667682
128708998
128796553
128819514
128839074
128880660
128955594
129008435
129096228
129190484
129223873
129311004
129368453
129396832
129483620
129566080
129574814
129617166
129651231
129729982
129773557
129780403
129847086
129927469
130002032
130068124
130076817
130170397
130190590
130199061
130252184
130335525
130403388
130449384
130455393
130530451
130609044
130666349
130711537
130778998
130839471
130883812
130956895
131002199
131021144
131055703
131111856
131148319
131153855
131205752
131238104
131283144
131374319
131407095
131460325
131545617
131577345
131642110
131692459
131739908
131839298
131839333
131933902
131973739
132042300
132126482
132210338
132235728
132268649
132286688
132344440
132371182
132377029
132378674
132395848
132421282
132422502
132438749
132520996
132578580
132612458
132689905
132741855
132746683
132774871
132823278
132879014
132956508
133007053
133027479
133108772
133138322
133161698
133260060
133333618
133337549
133382899
133433780
133482078
133548938
133640907
133721475
133763435
133776507
133783960
133870132
133913691
133941115
133975195
134052334
134107330
134179403
134201464
134216572
134236740
134331846
134390155
134469582
134546989
134585069
134618040
134683122
134748400
134786616
134819102
134879651
134943495
134996955
135045800
135114126
135169201
135241818
135301869
135313796
135380793
135396134
135408978
135437853
135506764
135579321
135631282
135648785
135713737
135755923
135756601
135825718
135890783
135945084
136035504
136085697
136167073
136238532
136305206
136354155
136448878
136473157
136529871
136583453
136644839
136704054
136723964
136749807
136799773
136882960
136909784
136924108
137001157
137079356
137133422
137135052
137153006
137175223
137177951
137191222
137271560
137321256
137342838
137350812
137400896
137429937
137458185
137516406
137605430
137626405
137653795
137657919
137662891
137736608
137752855
137850079
137871630
137933882
137976823
138039399
138043423
138131537
138132213
138179145
138275802
138294448
138355330
138451816
138511037
138527963
138559473
138575359
138583815
138588362
138645138
138669293
138745742
138786431
138838637
138856627
138928059
138997465
139032490
139043545
139130808
139215542
139262517
139316299
139345287
139365279
139444312
139518712
139597209
139619631
139678904
139724418
139740895
139784156
139867432
139925924
140017621
140029936
140107995
140115773
140204949
140291240
140379907
140436947
140497731
140528707
140556436
140572442
140589979
140607904
140619594
140705545
140803233
140806466
140871754
140951969
140953455
140954441
140968364
140988813
141044580
141063262
141080527
141114748
141174671
141217284
141298300
141342676
141441672
141501326
141589773
141631815
141680584
141742537
141819901
141898725
141958355
142041981
142126726
142160862
142209221
142241835
142320487
142402902
142420232
142466165
142473086
142494676
142568060
142626237
142644162
142645392
142733093
142831688
142875035
142895278
142965334
143039059
143055823
143144997
143177795
143219807
143314592
143319745
143362432
143381453
143391626
143489350
143570974
143641330
143721430
143804371
143889894
143980851
143989260
143993282
144060258
144152748
144230171
144240494
144331207
144355472
144407157
144429834
144452354
144519113
144557116
144573441
144627397
144657064
144674517
144696268
144760702
144773734
144814884
144858444
144877030
144945021
144974334
145064652
145111036
145210520
145212221
145265363
145340350
145408578
145416182
145477992
145499012
145501684
145548343
145559256
145564061
145597050
145674189
145770780
145806064
145885394
145901172
145980972
146021465
146049827
146065907
146071464
146120180
146213069
146256122
146325284
146338785
146383094
146450628
146460765
146519110
146523501
146597810
146678375
146736600
146750535
146842621
146916196
146917343
146964930
146994934
147028744
147096461
147110881
147150161
147226072
147319304
147381730
147466235
147537364
147567779
147664472
147717919
147776615
147794862
147852356
147865334
147942022
147983588
148003989
148041879
148067188
148112964
148189042
148220138
148250374
148256447
148295231
148392432
148482294
148504629
148570304
148625163
148633810
148658982
148739779
148802843
148847912
148884162
148909723
148956764
149048939
149104561
149106485
149160788
149185474
149279004
149294977
149310165
149408065
149418964
149424594
149432943
149433870
149487021
149560141
149603708
149666730
149759218
149768880
149793888
149860194
149873834
149961776
150031041
150057431
150140017
150187113
150212687
150242366
150247365
150337179
150383500
150425700
150442088
150508287
150529158
150569409
150612000
150617676
150676032
150767801
150844887
150921541
150990378
151056307
151089673
151120736
151138714
151181730
151254118
151321472
151401391
151401928
151458783
151519669
151602569
151701953
151711847
151765899
151861989
151958283
152016572
152099776
152143480
152150361
152210545
152248526
152254878
152324617
152376377
152407483
152422908
152482530
152490958
152540126
152639505
152659631
152664370
152741789
152817824
152871677
152910840
152919270
152973857
153025868
153040058
153091391
153095004
153100164
153149077
153183416
153221750
153259084
153323056
153420430
153472643
153552322
153617278
153691462
153734547
153793479
153830476
153895418
153899182
153907001
153972089
154004372
154006987
154044559
154119828
154196162
154248167
154278246
154351289
154443825
154458767
154511054
154587894
154639921
154726251
154787136
154861528
154897432
154951635
155034338
155083400
155101253
155122073
155154507
155159701
155216397
155222415
155311323
155351622
155448705
155527534
155581906
155593417
155662036
155696665
155747986
155785686
155862442
155864264
155927272
155995955
156017290
156116883
156214719
156303700
156345954
156444489
156516965
156571921
156582012
156680161
156725995
156817457
156847755
156930936
156950130
156969156
157026401
157061230
157107362
157109613
157116588
157206848
157210179
157274546
157295145
157308665
157349268
157378168
157463242
157560935
157627028
157703288
157743483
157809708
157811163
157907374
157944762
157977706
158022442
158078477
158162388
158196703
158210140
158282596
158295479
158333420
158369189
158451194
158516304
158532373
158590298
158667104
158720985
158814105
158891671
158923228
158923717
159021382
159072144
159157485
159228409
159304136
159361364
159367875
159425504
159511534
159589720
159645680
159683315
159767642
159853786
159903494
159976971
159977223
160018572
160073948
160141617
160203331
160286911
160298231
160332803
160377583
160405205
160442419
160509015
160562334
160617953
160658355
160735469
160758936
160851895
160867200
160892418
160949097
161027653
161076409
161105011
161193466
161223840
161305792
161327227
161328700
161353767
161419510
161441437
161487214
161555923
161621369
161703920
161715605
161751050
161822960
161888840
161944767
161990545
162058285
162117434
162189222
162225093
162320711
162373960
162472841
162498157
162534920
162584243
162627085
162677065
162677583
162775597
162859984
162885016
162899192
162957211
162971002
163018981
163100442
163147905
163182111
163213657
163255792
163337211
163354522
163444963
163458576
163558516
163567989
163656289
163697246
163705551
163788446
163879482
163961612
164005511
164020586
164072964
164148823
164163753
164173881
164176765
164195080
164202899
164301275
164371908
164402115
164465737
164536867
164585245
164597573
164645669
164698919
164727793
164820148
164859036
164942367
164982609
165033015
165058676
165147779
165194195
165278072
165302937
165377945
165435979
165532399
165604555
165640500
165701137
165732586
165802105
165845665
165937291
166005354
166094533
166150771
166181836
166210966
166267100
166275751
166294156
166333149
166425604
166506840
166561646
166591792
166610509
166706537
166738339
166761965
166782867
166862637
166882902
166924341
167023034
167085961
167096270
167124017
167156201
167233610
167319289
167335631
167345952
167403929
167458003
167504431
167600208
167693792
167699737
167756731
167811876
167834731
167866847
167911302
168004915
168073118
168094682
168170503
168229590
168239273
168278376
168322862
168356348
168386496
168404875
168430400
168492514
168555629
168606756
168701492
168771060
168771394
168855228
168892762
168958864
169048540
169138039
169234308
169306771
169310963
169338001
169409261
169486382
169578878
169635299
169705532
169783535
169879605
169881894
169959181
170052416
170062457
170083686
170175044
170221311
170281948
170328190
170330597
170397752
170470250
170510914
170532534
170609400
170683238
170714762
170730166
170791388
170801567
170877769
170934095
170938059
170982344
171026302
171080928
171091881
171103009
171129772
171134193
171191013
171249450
171302568
171331744
171360344
171374460
171405033
171421718
171439675
171489722
171573116
171668111
171742610
171816782
171875610
171909272
171986750
172047562
172063337
172113344
172124231
172171184
172225630
172318827
172386185
172445736
172495822
172529529
172612073
172664727
172709713
172800699
172854846
172903725
172986940
173078798
173085944
173171845
173267933
173351558
173421800
173520621
173549459
173582037
173613391
173707028
173721855
173747809
173842451
173842663
173917070
174000356
174075571
174124712
174139576
174212412
174276289
174336765
174433103
174487046
174562013
174601134
174666769
174729632
174759245
174827976
174871936
174872733
174946066
175042024
175058938
175126754
175140093
175143417
175185530
175252011
175280617
175371289
175430226
175502847
175585951
175624118
175697338
175728040
175804927
175879153
175961855
175974677
176073116
176127397
176183503
176280862
176286963
176303485
176376964
176476613
176492047
176584391
176623666
176706365
176753359
176775407
176810775
176832641
176898887
176931834
176983758
177062390
177129030
177213166
177243818
177279064
177363461
177453094
177482711
177567837
177651030
177706302
177796385
177799455
177888815
177955835
178015275
178088450
178161769
178188611
178227412
178246430
178251583
178262558
178334739
178346081
178427083
178478841
178526931
178541231
178591508
178680985
178767218
178793646
178842232
178859292
178859350
178919970
178959745
178971222
179065548
179157427
179168682
179191849
179214020
179265764
179282658
179380913
179404332
179434188
179456343
179539155
179579092
179642244
179706731
179747507
179779485
179847118
179937727
180001042
180022582
180093353
180110477
180152781
180170935
180217489
180232268
180306467
180357316
180389233
180438815
180485972
180579556
180649093
180683643
180722953
180754760
180825023
180828879
180834433
180842089
180924588
180953350
181020085
181119734
181169878
181220079
181269544
181349531
181369932
181388314
181425768
181471563
181476137
181528250
181621713
181628340
181678133
181719980
181771476
181833279
181931957
181964492
182008611
182016532
182077430
182147117
182211344
182309633
182358253
182413691
182443952
182476916
182487204
182556496
182633548
182667653
182718632
182740176
182811439
182899711
182943794
183000984
183083986
183172492
183178883
183241088
183284834
183333834
183361712
183399539
183460492
183550031
183586875
183636550
183651061
183669665
183724536
183790464
183879893
183898352
183922941
183929023
183978515
184023098
184090619
184124838
184151410
184203461
184232925
184296382
184357100
184394812
184458233
184556051
184636233
184681157
184702804
184782751
184881856
184907197
184968206
185018135
185060624
185077073
185102274
185195077
185281130
185327861
185384024
185481337
185490767
185536014
185573528
185593665
185596519
185617180
185651483
185700084
185725928
185731069
185777762
185811460
185904534
185979028
186009475
186041070
186042443
186140761
186196396
186226391
186237536
186285427
186322721
186384521
186412154
186499242
186576510
186630427
186666292
186667655
186708878
186732486
186831603
186916436
186926576
187003527
187039841
187043507
187088979
187134124
187141208
187148609
187186887
187212059
187264226
187349245
187407918
187417853
187436081
187439763
187512649
187560218
187628051
187723013
187814903
187846549
187883947
187889485
187904797
188003809
188044821
188072228
188161149
188202702
188295564
188332400
188376782
188440827
188538158
188615970
188621812
188703654
188748622
188840143
188878531
188955028
188996690
189021839
189026023
189094021
189170796
189239306
189321562
189375384
189470786
189497514
189539315
189558712
189658143
189687422
189770391
189838051
189922119
189970223
189984105
190015813
190110251
190121238
190215630
190230827
190288396
190349792
190379320
190465379
190490564
190495303
190507125
190552868
190644907
190734422
190813174
190874813
190889672
190913623
190954919
191012349
191023738
191030365
191042413
191092045
191102135
191198042
191259574
191357669
191369748
191371790
191392614
191434808
191484663
191555939
191587273
191623597
191687318
191784767
191823248
191898259
191898624
191914516
191976847
192041400
192136369
192223456
192263756
192337283
192348935
192423087
192439648
192441149
192504949
192573370
192578040
192592420
192691922
192710774
192747499
192845455
192915100
192953774
192962861
193006360
193040614
193113086
193169317
193203733
193301581
193401198
193457930
193489856
193514506
193586433
193656351
193682098
193717655
193805010
193815579
193851829
193927095
193927816
193937410
193987140
194034418
194075493
194165837
194252447
194343202
194344117
194435447
194528346
194603894
194638055
194701361
194725799
194742723
194761120
194850919
194917968
194973817
195060200
195066225
195156218
195249261
195332708
195378517
195378660
195428171
195460692
195513015
195568178
195578364
195591336
195688228
195704403
195760182
195802291
195881400
195934624
196003769
196074439
196134075
196226600
196317093
196327696
196337682
196418781
196498555
196548377
196597781
196632789
196709014
196799549
196882105
196890328
196913460
196957630
197025837
197075228
197136129
197209273
197302874
197329306
197360785
197392629
197464810
197476911
197524741
197550721
197567180
197570388
197587830
197598408
197681035
197737637
197779998
197796201
197821197
197833110
197851869
197861738
197901696
197969923
197977064
198069971
198144678
198209902
198255627
198313876
198390209
198423959
198436953
198489157
198561117
198589395
198668682
198764463
198835839
198837112
198855188
198867297
198909637
198920478
198943817
198950720
198975434
198975527
199057206
199072012
199087673
199100283
199136779
199214529
199232623
199250159
199348231
199420476
199478155
199479794
199501093
199585501
199671007
199727736
199824164
199882872
199945968
199992169
200070498
200122830
200173340
200217585
200309577
200315696
200392637
200413967
200454633
200518735
200523376
200604525
200606071
200648009
200689116
200737539
200832714
200877544
200881724
200885911
200910746
200972528
200985657
201045058
201122957
201130470
201215289
201290956
201327610
201385320
201386671
201470696
201562299
201625247
201655967
201666156
201680707
201719525
201819197
201847718
201891448
201922207
201975870
201976985
201977050
202020319
202109074
202172644
202225609
202286701
202341681
202400309
202486336
202522622
202579039
202673241
202710840
202742671
202757120
202825500
202890887
202964318
202981993
203062839
203100656
203193731
203205128
203214747
203216346
203243758
203301142
203370084
203394047
203431274
203443849
203471571
203538539
203573583
203575879
203624287
203639391
203728740
203813888
203820499
203897849
203936718
203996618
204002564
204093703
204150603
204208237
204262549
204321121
204355301
204380618
204424197
204511304
204604707
204614928
204668729
204730180
204779205
204824734
204908867
204952529
204968130
205009803
205070561
205100514
205165565
205189453
205243520
205328232
205391628
205473516
205494222
205558784
205628007
205726869
205736690
205799882
205878067
205921484
205933975
206002297
206077192
206109409
206181303
206216436
206267147
206319991
206339683
206391594
206432209
206519273
206531674
206532349
206560704
206635080
206689608
206715504
206786045
206880380
206935184
206981340
207080150
207130365
207133730
207201232
207241925
207308477
207331691
207426152
207497906
207589246
207676430
207701404
207741327
207816757
207882599
207918821
207931343
207963651
208063492
208067683
208124898
208140264
208151675
208185563
208213474
208250335
208292519
208326691
208377443
208464876
208467379
208557064
208606504
208654290
208692821
208715617
208720579
208756246
208769621
208786642
208863839
208872841
208934902
208974087
208998897
209031002
209111664
209132862
209201139
209300478
209328172
209377731
209447923
209501060
209540033
209541741
209573255
209628505
209649268
209672036
209680384
209696904
209762637
209763243
209781697
209876964
209890068
209906539
209963926
210004410
210071353
210096776
210146775
210215938
210309712
210409644
210427070
210473503
210557267
210617703
210658988
210717557
210719141
210769286
210808825
210839760
210920187
210954516
210988178
211088144
211112540
211157879
211171951
211220558
211269178
211330746
211370125
211425057
211514520
211585490
211673019
211683058
211703497
211726324
211757385
211802692
211891779
211976120
211984092
212057048
212121045
212139835
212239731
212276079
212374828
212451192
212487262
212568899
212668792
212677097
212732200
212812082
212818149
212899523
212923754
212995435
213022939
213041907
213086430
213121418
213197986
213257584
213338209
213345452
213422946
213475167
213518477
213617563
213695030
213696263
213761301
213761694
213837530
213924671
213940642
213941321
214019830
214104841
214110554
214198374
214269474
214359364
214374117
214442784
214461336
214558515
214632105
214654753
214732322
214800127
214856349
214900727
214906664
214936713
215003395
215027578
215033704
215097272
215125800
215185243
215192749
215210425
215277750
215341783
215357591
215398018
215494032
215572768
215600076
215643806
215648648
215674158
215675030
215708533
215797886
215878960
215977757
216066106
216079330
216154678
216156004
216214957
216295181
216320858
216400168
216466667
216492996
216568371
216632735
216655622
216715196
216772387
216839512
216856483
216939772
217039039
217076341
217080031
217129557
217225945
217227201
217239354
217241510
217257685
217302693
217317726
217330711
217383060
217386798
217396242
217450437
217497539
217593421
217612581
217692593
217702119
217780678
217875840
217933219
218007867
218069206
218101730
218136917
218158765
218244196
218340057
218429880
218438397
218483987
218490803
218504958
218512275
218515690
218576349
218664677
218709015
218783070
218792332
218854095
218896482
218916936
218931620
218969960
219069205
219078170
219177941
219262282
219268891
219359291
219447814
219465012
219482201
219513460
219524213
219535732
219553317
219620927
219681589
219753685
219781345
219831558
219855063
219900997
219954164
219968005
220012392
220057034
220083325
220156692
220202237
220225440
220233751
220271455
220283720
220322729
220341656
220435649
220500187
220598133
220688050
220743047
220794900
220865187
220886896
220915708
220970024
220987368
221001800
221098859
221162412
221222550
221272606
221300293
221311176
221348186
221411441
221491600
221503300
221540119
221615830
221657959
221740728
221766933
221825064
221844181
221901089
221921180
221980211
221996125
222072718
222119257
222133862
222208838
222248286
222329137
222400062
222491250
222532434
222554176
222616988
222677994
222776416
222782050
222868604
222902290
222919578
222965005
223040905
223105731
223156064
223158206
223230596
223263310
223270541
223350997
223383465
223409844
223440426
223462243
223530214
223561235
223638460
223664382
223670710
223760751
223808738
223897044
223931895
223951519
224028195
224052142
224081659
224097374
224099854
224103367
224163360
224261950
224274713
224332204
224405179
224409635
224479566
224520307
224526755
224582259
224605604
224614439
224713128
224806193
224828481
224902109
224940478
224991226
225080094
225118654
225186391
225276561
225360968
225408163
225437845
225486510
225581840
225621366
225679059
225687344
225740009
225824560
225848396
225932888
226025724
226122858
226182234
226213992
226216081
226238647
226285766
226319079
226416766
226514834
226566701
226646448
226680612
226696957
226759199
226782462
226852607
226905038
226949489
227000027
227080083
227171265
227202504
227235220
227326579
227400027
227451333
227524922
227559053
227612018
227666896
227710484
227738590
227771231
227814370
227835113
227838438
227872477
227943412
228011104
228018976
228049320
228131624
228228547
228295286
228383694
228473242
228527509
228530964
228621082
228684477
228771446
228777475
228832778
228858921
228877692
228879629
228935036
228968436
228988648
229074596
229088019
229089460
229113023
229128569
229137938
229219522
229262223
229296210
229365429
229402585
229437168
229514523
229544178
229589946
229642715
229669288
229720722
229783153
229818901
229910361
230005900
230046398
230056382
230119432
230148191
230190761
230224087
230295016
230365362
230447077
230525014
230571660
230592433
230636492
230656655
230733753
230755346
230759615
230779799
230862058
230864722
230899425
230950058
230962878
230974902
231051446
231129308
231205986
231207652
231263173
231359643
231387765
231461805
231478710
231539523
231541032
231630295
231682700
231735339
231797751
231886204
231944474
231992035
232022187
232114738
232183865
232274281
232333868
232370116
232428900
232441746
232473400
232539666
232584932
232656387
232680457
232734122
232829419
232835020
232931107
233015740
233040311
233130583
233215817
233260824
233359438
233379875
233413067
233452507
233481527
233497043
233513298
233563911
233581105
233618424
233619620
233691664
233723587
233803486
233843938
233857283
233917560
233972444
234008985
234097132
234187815
234270628
234283114
234283273
234294546
234341155
234352231
234448964
234506280
234567812
234594699
234621871
234629127
234692003
234779003
234861931
234904834
234979557
235046614
235079498
235102940
235107774
235177599
235236252
235270911
235354768
235410980
235485211
235578325
235584225
235619073
235629898
235711216
235718146
235747220
235780696
235814028
235870936
235881068
235976360
235980160
235988759
236081949
236112224
236187556
236195259
236246801
236248927
236249100
236282719
236329103
236361622
236407862
236425447
236504626
236537538
236547893
236571158
236609839
236680332
236731249
236742734
236827094
236899656
236917703
236971166
236998173
237044622
237120837
237206299
237285541
237373147
237445852
237452092
237494758
237510492
237582898
237648168
237681865
237711987
237733686
237830576
237890585
237966799
238032592
238037023
238060752
238158322
238245094
238308325
238350959
238441451
238492791
238505380
238592975
238631350
238677083
238686619
238785232
238805667
238806880
238830895
238852905
238948218
238976547
239074038
239120634
239160003
239239444
239244848
239305121
239340931
239437657
239454767
239546516
239576661
239648315
239718431
239808733
239857432
239947352
239951959
239971083
240065219
240148455
240228652
240266365
240294416
240341177
240346539
240352977
240366427
240388326
240477708
240500762
240577195
240579766
240625852
240657476
240721688
240732611
240752920
240813017
240859473
240947356
240953691
241025294
241028237
241060971
241113640
241126202
241150180
241170286
241235979
241236255
241333418
241358762
241403199
241490319
241589120
241621739
241703641
241776053
241809169
241895862
241961063
241968259
242024013
242094952
242158412
242168470
242246701
242345790
242423861
242455397
242525786
242569043
242613134
242640942
242694953
242785416
242877957
242955081
243045972
243072265
243114682
243174462
243220125
243257166
243340459
243432429
243512042
243579304
243582225
243583486
243628538
243632741
243708761
243778313
243781234
243839696
243903340
243975255
244009992
244085269
244111858
244198722
244257618
244354005
244401141
244500368
244563516
244634448
244666478
244757945
244762341
244835995
244848373
244872851
244905242
244994694
245074173
245089299
245110585
245208546
245223036
245247879
245322632
245330514
245411662
245460784
245484395
245502515
245567658
245580937
245621420
245694238
245792420
245817557
245827808
245886484
245922470
245946443
245964120
245980494
246019175
246055601
246096400
246143511
246207531
246274675
246321249
246342849
246396145
246451699
246544736
246596628
246672192
246709908
246742805
246790763
246817444
246892565
246971567
247053683
247067098
247121107
247173402
247175326
247249386
247299817
247351993
247355512
247383465
247392950
247440553
247441373
247459931
247506265
247529675
247612335
247671245
247747364
247840307
247869841
247936936
247997478
248060431
248143936
248239093
248254150
248353702
248375187
248431421
248508253
248592825
248684867
248703943
248769617
248799970
248817942
248821890
248850854
248909252
248912648
248918237
248957295
249056380
249132361
249220121
249313111
249315611
249352482
249444656
249498694
249548474
249631828
249663185
249729533
249803904
249818354
249907137
249934684
249939967
249977923
250077267
250128489
250220339
250279933
250288971
250345794
250408831
250496060
250499937
250514744
250546489
250577662
250666985
250723341
250776747
250825322
250861577
250960808
251056102
251066044
251089581
251127014
251174687
251261364
251340717
251341089
251421094
251458360
251473255
251507359
251557625
251641984
251717639
251811838
251910198
251963143
252051248
252099186
252188695
252255873
252297981
252386076
252450687
252508294
252554844
252603224
252648541
252738444
252752699
252792823
252855140
252942633
253035226
253063904
253099724
253112838
253209423
253226845
253252725
253342626
253416586
253482096
253488533
253576022
253579483
253634667
253647851
253712894
253748141
253772541
253794075
253852587
253950128
254046988
254135352
254166775
254179961
254270546
254344820
254347994
254446525
254542318
254550782
254615519
254712475
254811426
254905289
254953856
255002178
255095756
255146706
255167744
255230550
255251821
255308541
255311247
255324173
255359113
255384396
255389513
255469549
255470155
255496497
255539239
255573039
255621997
255663586
255669238
255741006
255751856
255790926
255815809
255855714
255883479
255929782
255965860
255966224
256002451
256030444
256035061
256125041
256202493
256232352
256294901
256316374
256389604
256452486
256500987
256570574
256636602
256654524
256727659
256802734
256894641
256911208
256966349
257007127
257098350
257130381
257144010
257187357
257231457
257302049
257388058
257487352
257504017
257506853
257543192
257616774
257712847
257801020
257808903
257862903
257888918
257930244
258023460
258029824
258111391
258177430
258212184
258300458
258362326
258441559
258442205
258538193
258583389
258613734
258658244
258704398
258708439
258726824
258813669
258889005
258901046
258934496
258965444
258967036
259056855
259113375
259151018
259205843
259210365
259268668
259270424
259296162
259354269
259434107
259448392
259524274
259617601
259631354
259698540
259752745
259779692
259876256
259882164
259894926
259928542
259965882
260001671
260015787
260113398
260125911
260192814
260215140
260232553
260287178
260375798
260402948
260441390
260473060
260570596
260603119
260639062
260721970
260728222
260795483
260807441
260825989
260859134
260917858
260982198
261081772
261142710
261145497
261192769
261245175
261291563
261362368
261395996
261445926
261535595
261556362
261620988
261698650
261751577
261762910
261820562
261914805
261968353
262048297
262049161
262059641
262138157
262142044
262164796
262253624
262273052
262290297
262388680
262446164
262510445
262593833
262665350
262758591
262791038
262873779
262935049
262964529
262966999
263018104
263094840
263156282
263175983
263186128
263228453
263249789
263287117
263336393
263365393
263375944
263472806
263552607
263605431
263609989
263694830
263790217
263866526
263887195
263951247
264039367
264103429
264192819
264257195
264345689
264379226
264448868
264481670
264529290
264599807
264635219
264638599
264693618
264758105
264770071
264804408
264901440
264906836
264971537
265009481
265081229
265116410
265129573
265166920
265181467
265276356
265350370
265356379
265377523
265425026
265497770
265595538
265599449
265691644
265724422
265808044
265839978
265922155
265925970
265975405
266000954
266086094
266130948
266141684
266185037
266271021
266315883
266377645
266420050
266434509
266439131
266455145
266496018
266522870
266553489
266638276
266731296
266822049
266880386
266922673
266939619
266985699
266986043
267034895
267047929
267128714
267163438
267201575
267237517
267316836
267335795
267366848
267377394
267471682
267524289
267589206
267652211
267655967
267724663
267784173
267875675
267946963
267988855
268002596
268076863
268077848
268174194
268218991
268251940
268265320
268280519
268356696
268426062
268522337
268593047
268689513
268781978
268829731
268929610
269024379
269033345
269045753
269058111
269104828
269203106
269280453
269328440
269336519
269360005
269431621
269493510
269532514
269594870
269688627
269723623
269803661
269862061
269879665
269964066
270063498
270110990
270181677
270212733
270212914
270271645
270278384
270289235
270366725
270389423
270417172
270442739
270481341
270541000
270567351
270641036
270655751
270688173
270781382
270865892
270878364
270937973
270977071
271066175
271072388
271104751
271106458
271140599
271184858
271202371
271205931
271231181
271244200
271314152
271318478
271386041
271398805
271439473
271450744
271492422
271587664
271652981
271707486
271718982
271781320
271859400
271937442
271941011
272034549
272056102
272063211
272070089
272076711
272078281
272082148
272133953
272225986
272236162
272311730
272323489
272398872
272426605
272450764
272483032
272543073
272618107
272698451
272775157
272785196
272831572
272883917
272938257
273017697
273052305
273068343
273078765
273144509
273179877
273242149
273317956
273374639
273444861
273508933
273510136
273600093
273653092
273739901
273797410
273856286
273952251
273966950
273987944
274071423
274087139
274122342
274186683
274201887
274207956
274275631
274292985
274328328
274423000
274427922
274493614
274508955
274558742
274605689
274690561
274763985
274839278
274936502
274947216
275034590
275070251
275146612
275217195
275307710
275366335
275384931
275443322
275451353
275501803
275565984
275591270
275593275
275677869
275689398
275770348
275826098
275857962
275901694
275997700
276029638
276073094
276074251
276097018
276170718
276172243
276271350
276296212
276359091
276427486
276470743
276509683
276533775
276601979
276658715
276724144
276811957
276847701
276865721
276965058
277039756
277130051
277173676
277198027
277240561
277248694
277288817
277387715
277394593
277484387
277497034
277508070
277607585
277634094
277699014
277797392
277847217
277935768
278035029
278118557
278172814
278184217
278239642
278334776
278370302
278381842
278412974
278422751
278504441
278597849
278628582
278692083
278783465
278791061
278815848
278899375
278903290
278969326
279066018
279085037
279112001
279135221
279215512
279301056
279301062
279317808
279404269
279411150
279423623
279424564
279463125
279550504
279629918
279685823
279718988
279787216
279862003
279905564
279916494
279949195
280046023
280095027
280169036
280216805
280227329
280274561
280304507
280388223
280456128
280503758
280569643
280584061
280619128
280715434
280716807
280806678
280903853
280991697
281067236
281123430
281143909
281204166
281292988
281307579
281394046
281402802
281408279
281409926
281476040
281481898
281516971
281586555
281663580
281688848
281714476
281751800
281799415
281847890
281855118
281916143
281957475
282003664
282058109
282101738
282183390
282249965
282349693
282445106
282470746
282509377
282578337
282669419
282681080
282765626
282817816
282892412
282943218
282995476
283004236
283015974
283031994
283041380
283101472
283178560
283249237
283275282
283318309
283409701
283480343
283527469
283600776
283620510
283698374
283711431
283740859
283762968
283815872
283887713
283929256
284028013
284061429
284128794
284218760
284250358
284293499
284330876
284398784
284430137
284473784
284510420
284577862
284613003
284711377
284755398
284777426
284808883
284835826
284904433
284985609
284990309
285055366
285114948
285202825
285252755
285302055
285364388
285368564
285431520
285468687
285483961
285558876
285588808
285601357
285701104
285727204
285754941
285765984
285826037
285850390
285880441
285930190
285956282
285960291
286021723
286045357
286052012
286070025
286126487
286220445
286269781
286294877
286370690
286377716
286418468
286494389
286523236
286597875
286672159
286769235
286775278
286860607
286871091
286934358
287021135
287084352
287173566
287254131
287322550
287347898
287376029
287451550
287468308
287470240
287481390
287510786
287534920
287538610
287589646
287630396
287725929
287795833
287797750
287851704
287873756
287956000
288050084
288106067
288114280
288175754
288263401
288315018
288348308
288421120
288494431
288502021
288506279
288595081
288600483
288650097
288666502
288727110
288817293
288827183
288880525
288980320
289041672
289076005
289131107
289207370
289284056
289310835
289327757
289344908
289442790
289475322
289556554
289595268
289673588
289688543
289777883
289841479
289870768
289887325
289932040
289937668
289941626
290003036
290059748
290137512
290202360
290251538
290321299
290388135
290469339
290556080
290613081
290652572
290703800
290795171
290827796
290917399
290928097
290987407
291063484
291118388
291140910
291205305
291294231
291352059
291384024
291409304
291478322
291521606
291550840
291648090
291746366
291829616
291858865
291935967
292009532
292091338
292160599
292237731
292283106
292370062
292379570
292427840
292430541
292437478
292481296
292495277
292525652
292540968
292553797
292594503
292630747
292650773
292730600
292823254
292826277
292862181
292877528
292958776
292999230
293039203
293104067
293117206
293138286
293182948
293219755
293297467
293301874
293319829
293379550
293398786
293435849
293519121
293567700
293604884
293673660
293750418
293833261
293854920
293951313
294028753
294064263
294070823
294089449
294166516
294244562
294283839
294360774
294434117
294462265
294479999
294511028
294563815
294623970
294625536
294669338
294678816
294739555
294744969
294827551
294871571
294931318
294988504
295058081
295157223
295208261
295256111
295322586
295364114
295405780
295421642
295462226
295494261
295548176
295558322
295656238
295714073
295806438
295831237
295883581
295920732
295929588
295930087
295967731
296009202
296045654
296100220
296195378
296201940
296246122
296285534
296299186
296332960
296383023
296439584
296519526
296520423
296605720
296636410
296665397
296702333
296777962
296823845
296880909
296976097
296990886
297089977
297098015
297176103
297199073
297218993
297230088
297242180
297279655
297374856
297441223
297443810
297463433
297558427
297577712
297651671
297726897
297819230
297911591
298010117
298048270
298135570
298229408
298246774
298303751
298386369
298395474
298419167
298469323
298508317
298585854
298659085
298670770
298690293
298782717
298823860
298856735
298861047
298941791
298955691
299005703
299055686
299106876
299168647
299241183
299273643
299285045
299291965
299304546
299387545
299404208
299480112
299486858
299513866
299592179
299603168
299610844
299661351
299689783
299704862
299716545
299720489
299810111
299898885
299945217
299987031
300004237
300044190
300140750
300160436
300232532
300309146
300371926
300470131
300507173
300573931
300626360
300659492
300686956
300755155
300833675
300917946
300919699
301007082
301044362
301133501
301198664
301214483
301290039
301340363
301425858
301481354
301560922
301619491
301669232
301709968
301775253
301837471
301906450
301975461
302017047
302033021
302036735
302133652
302149382
302172764
302223888
302308667
302330617
302407824
302425324
302496935
302523235
302526226
302624885
302708467
302781599
302811048
302831959
302839358
302888170
302958766
303002250
303021846
303058227
303101585
303191775
303254845
303347496
303433239
303460482
303479763
303576339
303593732
303602498
303646086
303744389
303809834
303856593
303904136
303957418
304035265
304083179
304128155
304128260
304163977
304222877
304262421
304319757
304370114
304395030
304428987
304520387
304550129
304628431
304644611
304697303
304757020
304769165
304803430
304889976
304901584
304920607
304972296
304975290
304997864
305087913
305160928
305182246
305199045
305252520
305344099
305409600
305412767
305505841
305563706
305653222
305731611
305740431
305812369
305813811
305864292
305898637
305974232
306002898
306047552
306105181
306203450
306298142
306307352
306352766
306425193
306478207
306508937
306559709
306592136
306645756
306667994
306705918
306773945
306848621
306876527
306968398
307008686
307055114
307149828
307223107
307242117
307252960
307256602
307289465
307367165
307375484
307456015
307467297
307473871
307549648
307632888
307725491
307774026
307820822
307920115
308014523
308059489
308122775
308126380
308183641
308271793
308340129
308375738
308394284
308438869
308444126
308472977
308571670
308591569
308594012
308658971
308729388
308760765
308838628
308902666
308975012
309021431
309072552
309147981
309225061
309236545
309251353
309323675
309410724
309422768
309503713
309551523
309590238
309624226
309679490
309733502
309770813
309836213
309933682
310010355
310054249
310132204
310194377
310269221
310325220
310424993
310454913
310485269
310553517
310632466
310635497
310734883
310830617
310864546
310875368
310929461
311017481
311091235
311129178
311210021
311250223
311342119
311374329
311466508
311500065
311501989
311576801
311606762
311699596
311776399
311816218
311891667
311984548
312053696
312114344
312168474
312180500
312218039
312314748
312328077
312353653
312425397
312458471
312481554
312484312
312491309
312552795
312626287
312653074
312726190
312824142
312920190
312994027
313015133
313033194
313083523
313123964
313141718
313195043
313202067
313209527
313215494
313296126
313342476
313367357
313380251
313419153
313481652
313568923
313632815
313732568
313824201
313853845
313941103
314021305
314103491
314141181
314218687
314274118
314373879
314430719
314509724
314545641
314617821
314627834
314687952
314740005
314743750
314791411
314889028
314973485
315019193
315054892
315114245
315115120
315173233
315272649
315300765
315310329
315366522
315400390
315416363
315420236
315434331
315462616
315488371
315513644
315554969
315576063
315667601
315736721
315775419
315870668
315970333
316029495
316084972
316124764
316159824
316244348
316268429
316294109
316349408
316357411
316379895
316465973
316495956
316527735
316608747
316686831
316715587
316718558
316812765
316839984
316862640
316922779
316925333
317002724
317074893
317122786
317179603
317242841
317299614
317304121
317370952
317452276
317539528
317625538
317709352
317798295
317886840
317961533
317984721
317990086
318085345
318097604
318132574
318157093
318174705
318191326
318193734
318278457
318287833
318297012
318358057
318432112
318459424
318467503
318485568
318497207
318538908
318576899
318580477
318657931
318737789
318754684
318839260
318898871
318913894
318985197
319007463
319020313
319049153
319129645
319201528
319268351
319313387
319366560
319384344
319401600
319441469
319462784
319517143
319561598
319580355
319599342
319617764
319672783
319712443
319773941
319798860
319850061
319924533
319950626
320031023
320119445
320162008
320245612
320297499
320302355
320344471
320347463
320428840
320474678
320554276
320575821
320597463
320651313
320667487
320739918
320786264
320882426
320974385
321016597
321044553
321084916
321143226
321147119
321153236
321231332
321314725
321363464
321378042
321417251
321420087
321460538
321488645
321562279
321571112
321638815
321689365
321789051
321852276
321919704
321990539
322032171
322074848
322146579
322171004
322268789
322273917
322371055
322378018
322400298
322484780
322552001
322564802
322662605
322743831
322760514
322839899
322877104
322919160
322948539
323042575
323108249
323117105
323216756
323301965
323395507
323428380
323456329
323478673
323524188
323574269
323626031
323722449
323785969
323788552
323790488
323841413
323846350
323927277
323956524
323957812
323987505
324018632
324022520
324107414
324118096
324118726
324160380
324231963
324303348
324303506
324308405
324356987
324371358
324469598
324483546
324492173
324589006
324614507
324685013
324780281
324844232
324928976
324938720
324955917
325024415
325092625
325124641
325134646
325170000
325263530
325267816
325330041
325354091
325442867
325477635
325566526
325622244
325625021
325676857
325690423
325714334
325787536
325873896
325896995
325993326
325996434
326006731
326037034
326121058
326186134
326219188
326311129
326403147
326451259
326473089
326572156
326651516
326710641
326780420
326809542
326858306
326919265
326937427
327026516
327078391
327089658
327166149
327256134
327319573
327398793
327497617
327503831
327584643
327592092
327669283
327687628
327721672
327737137
327757205
327759412
327773123
327789565
327858044
327918727
327969025
328045988
328121212
328208897
328238641
328313740
328349490
328432396
328443192
328540278
328600202
328693571
328704485
328751559
328784338
328791348
328834522
328892062
328929148
328946488
329023671
329058121
329094611
329190209
329214768
329296300
329360774
329433729
329457772
329459148
329502011
329513440
329546207
329636104
329715479
329768430
329770961
329858434
329895053
329935666
329974177
330056133
330088131
330143329
330228615
330319415
330349629
330371250
330430114
330459313
330518727
330599306
330630991
330695172
330724950
330765244
330863168
330946744
330957447
330963078
331019411
331100918
331125559
331166648
331261480
331325613
331328337
331335868
331351749
331436550
331452045
331515156
331574221
331651052
331688734
331754922
331844659
331922463
331976040
332013313
332043723
332086596
332138711
332234677
332309602
332380717
332469129
332565388
332663762
332687750
332711114
332722974
332786431
332798178
332861628
332897212
332977611
333059279
333069001
333079674
333101220
333102890
333104000
333184119
333238232
333335245
333421106
333422458
333466432
333520603
333569231
333611824
333614023
333636221
333661804
333734441
333769583
333798481
333800782
333879298
333949972
333962862
333988440
334042304
334101625
334129059
334191529
334265380
334321946
334385735
334399338
334430598
334460526
334540825
334574269
334670640
334714968
334719721
334737235
334799798
334809412
334889404
334932846
334964663
335028887
335062006
335065858
335133125
335197360
335229709
335305635
335322713
335421166
335463520
335527994
335578815
335618438
335684138
335742430
335835263
335933073
335983250
336010537
336072907
336135281
336140227
336220111
336283187
336382133
336442363
336476068
336528873
336620442
336654225
336720763
336779219
336859025
336932885
337019958
337054453
337066214
337123492
337145581
337183207
337273025
337332528
337402927
337497815
337516979
337600654
337607070
337659188
337712910
337765757
337778706
337845345
337854983
337937926
338016923
338062888
338130108
338210491
338284823
338365076
338438673
338482038
338514502
338550294
338584292
338660917
338668094
338748433
338836732
338866269
338942057
338971739
338985426
339034940
339070832
339133234
339170163
339259235
339303700
339324140
339393557
339454519
339466757
339514562
339569319
339609238
339635211
339683460
339712808
339722941
339784548
339839018
339865757
339899272
339965720
340057851
340150544
340190319
340268925
340327556
340349217
340423478
340502820
340574354
340596416
340631546
340727615
340755411
340781886
340793241
340881888
340952061
341000028
341080610
341123820
341133302
341163292
341239286
341267977
341321149
341410852
341504464
341547244
341552178
341650006
341714911
341728722
341823664
341843505
341900641
341960285
342008438
342097074
342164284
342169706
342261781
342263957
342319992
342408600
342452800
342519001
342612924
342638505
342682212
342779073
342864774
342959553
343003420
343020910
343109711
343165305
343176591
343231763
343323217
343389781
343426188
343449986
343509079
343512644
343545603
343577133
343632431
343711602
343763813
343812717
343854259
343867160
343918033
343921713
343971381
344000429
344072761
344132579
344190180
344247185
344305191
344392403
344474783
344514786
344538000
344573005
344624044
344703461
344789400
344799509
344885266
344955815
344978541
344980735
345065512
345130058
345131947
345171021
345231559
345330685
345367616
345463801
345529737
345581324
345639192
345672309
345697109
345783131
345857740
345857802
345896586
345963587
345998430
346010128
346057353
346065630
346121199
346192894
346263686
346350262
346394050
346396567
346401418
346497865
346596708
346679643
346775789
346853376
346874511
346912049
346978707
346987519
347051026
347130519
347226952
347237761
347252982
347296803
347339737
347408862
347507165
347527979
347565141
347628330
347716405
347756725
347774933
347822107
347902713
347967953
348055316
348122879
348204907
348254160
348324360
348355923
348413853
348484123
348519138
348578127
348589397
348653703
348684806
348770456
348831251
348904063
348947190
349002184
349095158
349150079
349219173
349250222
349307606
349401629
349464244
349563383
349658838
349734811
349766470
349855552
349946664
349953366
350030280
350072719
350139678
350165920
350185039
350273182
350332470
350391201
350481449
350562577
350623611
350695254
350711615
350807467
350831109
350911948
350993014
351003094
351024855
351122449
351153028
351189626
351238511
351250746
351328011
351391016
351474166
351510653
351588726
351608085
351628401
351726470
351802757
351886472
351917999
351962971
351978483
352030013
352066912
352090837
352146775
352241537
352306900
352382547
352407908
352413452
352473568
352482612
352561282
352571507
352592497
352670243
352765335
352804551
352865797
352904663
352970603
353005971
353078628
353152485
353240867
353312795
353332563
353354823
353420446
353495168
353532048
353628940
353728512
353815736
353904823
353986899
354079512
354129176
354201193
354274813
354328988
354386736
354402208
354500227
354579036
354597381
354619680
354689738
354722431
354793652
354814044
354831304
354835437
354860250
354887959
354915669
354959456
355005435
355044347
355074335
355152504
355219040
355261592
355305298
355344331
355433325
355438981
355439690
355513235
355517742
355564136
355645590
355690166
355756602
355820802
355903178
355903963
355933922
355971796
356008544
356062204
356142416
356224623
356313019
356369830
356424736
356482581
356530715
356534639
356534788
356587632
356591804
356643242
356723309
356814858
356889780
356893101
356987124
357025258
357042487
357080979
357097905
357197181
357233675
357291048
357331897
357343090
357406146
357442967
357473798
357494687
357562482
357576059
357631175
357690794
357721075
357773891
357805772
357846586
357914282
358013200
358097145
358196182
358222040
358225106
358261870
358313260
358412772
358493837
358569075
358583958
358642552
358694537
358743509
358831029
358845233
358854643
358918518
358945096
358991206
359018680
359029851
359103791
359199826
359274264
359352273
359412835
359491432
359546261
359589204
359652573
359683805
359770158
359789359
359851838
359914983
359928450
359963438
360048613
360129275
360210929
360232673
360253547
360325455
360382864
360438271
360505139
360517261
360535753
360612239
360711395
360779580
360806141
360874270
360951568
360979350
360985598
361030416
361045748
361105231
361195747
361198290
361258217
361345147
361396696
361493280
361589051
361674366
361742739
361764846
361828690
361829649
361921865
361924501
361945013
361990258
362015254
362030042
362061403
362093792
362095315
362125926
362138915
362157681
362243915
362326498
362411017
362487841
362519773
362550680
362558506
362561071
362593226
362643395
362688210
362738525
362817615
362846558
362851108
362861291
362895828
362902453
362928970
362992337
363030380
363068529
363130624
363182650
363244051
363342506
363360453
363433416
363487605
363527363
363596611
363629885
363641109
363678748
363686817
363778243
363850610
363927737
364000417
364001631
364055360
364115732
364146529
364197558
364215855
364223783
364295081
364376198
364398694
364419652
364425302
364509695
364511521
364592658
364630694
364686601
364767992
364838738
364840229
364935884
365034486
365095308
365169354
365204147
365204187
365268672
365361516
365446358
365527889
365539831
365610967
365710084
365734952
365829777
365912727
365927977
365978434
366042516
366074897
366159811
366160626
366176599
366235036
366275418
366359609
366420873
366457564
366523228
366572132
366586919
366619197
366632458
366670981
366716928
366733767
366832502
366900435
366984169
366988519
367061158
367108932
367129332
367206769
367303295
367303809
367370430
367378166
367423391
367491000
367502264
367575266
367598610
367679225
367720497
367755540
367801525
367869218
367879988
367932643
367985726
368000675
368031575
368035674
368075736
368148448
368198830
368228320
368279160
368331948
368394449
368427966
368443894
368458960
368555732
368573251
368610383
368654801
368696170
368743912
368791291
368803388
368870691
368961823
369048583
369074661
369136273
369144131
369205314
369290347
369302403
369322908
369330779
369371750
369438320
369486321
369528941
369598498
369634507
369641917
369739096
369832774
369879202
369972960
370044104
370094930
370137629
370144925
370229234
370325941
370402076
370451393
370545553
370589730
370625453
370682797
370703124
370759207
370840061
370857049
370890940
370936379
370987528
371015259
371076915
371089997
371182406
371249430
371311097
371384774
371392228
371466904
371516288
371561012
371616368
371654172
371744927
371759546
371808195
371812158
371908262
371949331
371983099
372080782
372084509
372142539
372183810
372238080
372279299
372374499
372449978
372535347
372607092
372693126
372719420
372736019
372823740
372883298
372939700
373001515
373048786
373099497
373122523
373167748
373226791
373319885
373393702
373446244
373473242
373494017
373546366
373611370
373628330
373716881
373756969
373806828
373851036
373942330
374011161
374044955
374085355
374104474
374115476
374135107
374203920
374226590
374265014
374269471
374308751
374370714
374456489
374494289
374512613
374609357
374624850
374699646
374751632
374833716
374899642
374946653
374975425
375053389
375086198
375167843
375194109
375262035
375302650
375334215
375346892
375443066
375446844
375499605
375523761
375603815
375605669
375608363
375696057
375736120
375738594
375791328
375839171
375851123
375933153
376009098
376074989
376091395
376177774
376212591
376230277
376281898
376288107
376308025
376362905
376458490
376474128
376571552
376636252
376723441
376763953
376811819
376883967
376894480
376956270
376957846
377001751
377076784
377097249
377155391
377183787
377200329
377269501
377330875
377412997
377502334
377537675
377621959
377687668
377734694
377736057
377834355
377866434
377954708
378040704
378104998
378199932
378281865
378292102
378382621
378452197
378504796
378535793
378553437
378604090
378608513
378694143
378725302
378820645
378850250
378923533
378948206
378961369
378964388
379012723
379042152
379087130
379139355
379187734
379213485
379219364
379264113
379328181
379388876
379424189
379458006
379492684
379587062
379670123
379741801
379751574
379845256
379869458
379937555
380024195
380038003
380121512
380191195
380245654
380250007
380292801
380370401
380468952
380538141
380557823
380650737
380672872
380737967
380825368
380852556
380858417
380921171
380988453
381023859
381034706
381124210
381144119
381150959
381164914
381172745
381239662
381250925
381256857
381308962
381398397
381412358
381478975
381561269
381608670
381660920
381667203
381712760
381790525
381833342
381861559
381885606
381972992
381999110
382042004
382052303
382152034
382193020
382197384
382225427
382272936
382348087
382352289
382424190
382495522
382501830
382513030
382582103
382593470
382636777
382717041
382795474
382863597
382912485
382994511
383013400
383080308
383159655
383159901
383223939
383320225
383356972
383359157
383454008
383468538
383519012
383596164
383651468
383662751
383695759
383785131
383812971
383904745
383997069
384010407
384069617
384154278
384181158
384193238
384209941
384216000
384272200
384289658
384314188
384403591
384461619
384483331
384492667
384583035
384626053
384640966
384700104
384737987
384755791
384775692
384857335
384879703
384943959
385021138
385042170
385051604
385073787
385150064
385203516
385285610
385335768
385352814
385420604
385500529
385592337
385652218
385700439
385732203
385762484
385811598
385871371
385954128
386046280
386111161
386162835
386198456
386200686
386211969
386225889
386264469
386313227
386407697
386409939
386505843
386590909
386610339
386699150
386713172
386720724
386805024
386868402
386928538
387004900
387051174
387058261
387148592
387201056
387260543
387285766
387301329
387389434
387442823
387542094
387633415
387666817
387725518
387737295
387786862
387885832
387942046
387997425
388059231
388128414
388195993
388291658
388366768
388420766
388443694
388520939
388569467
388605039
388686490
388743976
388827840
388884822
388968078
389043232
389045465
389108227
389110622
389203656
389213352
389266008
389284532
389345636
389356045
389441461
389520110
389597704
389655293
389746070
389797826
389872495
389958594
390015204
390022182
390099470
390153020
390214441
390216207
390246241
390270600
390312323
390328818
390342953
390354120
390444705
390516468
390553742
390610555
390618542
390666916
390722620
390726642
390751469
390759991
390769650
390817161
390847333
390901425
390973904
391055663
391075633
391113774
391207147
391302911
391345704
391392347
391450028
391453845
391519067
391567995
391604058
391606438
391635939
391648839
391719562
391720133
391736976
391753676
391804693
391853202
391910313
391977331
392074022
392074085
392158092
392189175
392205768
392207381
392218735
392224489
392271734
392358866
392404875
392458121
392535761
392590384
392616556
392708378
392788186
392841192
392932082
392995084
393038079
393134405
393168536
393188738
393240930
393332406
393375040
393459681
393477920
393499443
393504850
393539643
393637465
393646001
393688725
393759883
393795568
393842808
393902996
393955726
394043268
394066348
394147898
394176648
394248191
394272436
394353232
394389281
394486286
394513730
394525324
394535048
394551792
394592738
394689562
394778107
394864331
394932265
395028031
395062264
395130998
395154694
395238293
395313028
395340114
395411514
395482974
395544137
395610688
395628681
395642307
395666908
395705468
395746732
395807578
395879853
395920960
395947394
396031408
396082975
396117174
396171232
396270662
396353427
396401254
396455698
396540122
396604539
396651517
396663731
396755796
396774869
396789022
396806426
396877372
396926758
396961628
397033908
397129894
397221422
397258962
397331041
397429700
397457270
397496779
397535796
397630760
397682316
397775374
397798643
397813398
397911356
397975568
398021427
398058532
398065092
398109837
398148414
398230699
398301312
398301746
398352257
398444026
398503570
398504474
398519920
398599618
398625406
398697121
398787574
398857838
398861234
398878604
398880985
398906635
398999018
399046159
399057440
399099026
399178911
399248000
399345591
399361606
399446996
399511370
399530890
399565063
399620492
399636889
399687664
399735201
399781914
399863790
399962053
399990457
400004983
400015909
400110655
400186916
400229565
400251051
400324542
400415051
400416524
400476558
400502812
400530180
400548653
400573630
400654837
400714799
400744612
400837238
400917927
400995029
401006839
401009748
401040072
401044951
401122377
401215785
401250538
401260338
401284650
401354860
401357540
401441576
401483625
401556760
401633426
401702410
401776487
401777603
401871973
401908320
401943308
401983126
402004559
402089498
402146938
402170442
402187818
402265177
402324458
402357763
402382274
402391325
402430032
402452242
402509680
402512522
402557148
402628953
402698638
402711417
402713881
402753506
402761313
402829730
402924129
403000544
403070969
403143059
403151525
403196020
403219919
403308255
403397388
403471598
403483890
403575002
403655421
403669083
403701609
403771694
403782660
403820017
403897280
403987249
403992675
404007940
404018253
404028950
404037049
404049163
404077788
404093520
404187542
404206734
404209353
404288722
404340891
404343394
404350059
404426579
404492167
404586444
404656711
404724196
404760241
404837605
404863949
404874470
404885209
404902778
404980102
404994213
404995822
405049891
405068830
405098228
405124807
405170814
405209311
405292647
405352773
405379508
405409299
405447498
405524145
405588549
405638831
405708850
405785559
405814602
405914055
405998767
406034326
406044907
406052060
406150366
406220168
406313345
406316361
406359081
406364300
406445277
406447089
406495858
406562197
406577546
406652926
406746547
406831837
406841570
406894763
406895989
406933396
406955517
407016909
407052244
407145863
407185226
407253725
407321840
407346417
407385090
407395093
407411940
407498025
407573588
407614141
407704354
407720910
407816170
407889980
407901504
407998321
408070727
408088620
408137533
408176569
408185454
408266815
408292433
408366418
408410518
408471812
408474605
408538499
408553677
408555399
408571505
408629115
408671522
408729559
408776151
408855496
408869222
408871743
408909637
408973961
408983965
409067687
409078444
409105328
409165745
409181380
409221563
409297802
409353095
409436390
409516292
409615278
409701215
409718214
409729220
409810537
409882273
409972537
410030991
410093565
410144104
410228621
410319834
410415533
410485330
410566235
410615370
410677738
410756687
410783913
410867109
410949458
410980231
410980720
411070907
411153367
411215069
411245775
411318294
411355135
411369671
411441284
411489910
411534972
411597522
411689936
411726731
411735653
411770134
411810480
411867972
411962731
412055438
412100405
412147353
412204336
412218063
412316675
412401815
412411441
412499397
412532088
412542935
412549764
412557141
412574091
412663806
412698635
412782226
412804200
412835908
412890143
412931171
412958784
413031323
413062583
413082695
413108641
413173508
413220861
413319399
413365489
413444977
413461824
413551123
413616087
413705453
413740278
413833352
413869543
413950510
414003940
414041763
414044067
414117954
414186294
414277394
414331754
414413154
414461393
414471061
414503835
414578059
414596732
414604295
414673081
414734846
414806886
414809932
414852790
414907353
414996396
415015843
415104214
415130026
415225453
415234011
415326246
415402062
415491866
415511795
415529232
415575974
415629212
415661236
415708736
415725154
415768352
415816944
415894640
415948978
416041608
416134154
416173901
416217039
416221946
416292253
416354834
416377199
416424367
416493458
416571360
416580395
416643924
416687701
416747625
416800997
416870246
416960277
417021593
417071216
417077907
417175077
417268655
417305731
417371312
417398668
417439596
417490702
417506299
417528781
417626509
417650751
417651238
417699340
417719334
417764574
417820327
417849349
417872733
417931011
417979361
418019542
418063197
418159346
418200353
418290124
418375902
418439397
418459272
418491926
418504748
418531775
418538289
418621857
418662157
418758128
418823720
418828181
418874173
418926803
418931425
419025983
419084511
419118928
419154195
419213188
419268047
419361359
419447465
419546557
419559307
419592122
419657347
419735329
419795761
419840704
419891582
419909181
419927720
419972863
420006909
420087160
420141432
420177612
420181301
420225433
420247796
420274113
420362720
420364570
420423244
420515714
420521088
420559320
420590446
420610762
420667455
420675061
420698743
420795901
420833204
420875469
420913290
420949790
421020371
421047046
421081558
421111092
421117828
421174583
421188062
421225852
421283976
421331896
421345696
421412411
421443955
421461532
421543679
421572424
421601386
421662118
421737792
421799902
421810631
421831127
421855951
421943974
422005215
422079657
422139791
422172227
422177828
422261721
422304659
422333561
422372322
422455555
422521021
422619403
422703663
422758220
422852214
422872395
422901383
422960388
422976574
422981301
423002811
423008298
423010190
423091066
423188136
423189528
423266537
423301769
423353833
423388576
423460480
423524709
423603074
423649479
423746666
423834948
423850279
423890237
423963808
424018923
424032766
424102743
424171189
424237993
424336043
424350552
424407656
424442227
424468151
424490108
424513285
424601751
424610178
424696231
424709665
424780908
424811634
424873036
424967853
424984577
425075624
425108900
425121896
425191228
425283835
425332048
425344487
425406143
425464596
425474762
425570756
425571998
425638820
425724973
425733731
425805922
425836690
425877677
425886400
425961037
425990317
426035549
426109577
426148065
426179731
426248298
426254871
426269349
426302968
426319758
426398228
426445703
426466482
426515786
426527384
426533128
426585797
426655992
426702792
426744649
426786738
426834701
426865839
426951505
427050995
427127189
427136662
427228055
427296996
427338137
427344583
427434461
427493571
427494137
427504155
427584138
427670567
427719869
427742900
427781885
427868616
427959776
428044116
428132773
428215521
428314478
428340138
428340749
428422464
428464395
428558297
428597879
428694390
428766882
428767847
428811099
428816382
428820827
428860283
428938174
428982232
429038107
429041704
429099143
429193784
429241549
429256457
429341211
429430410
429513907
429604033
429693447
429741283
429835767
429916467
430004675
430007148
430081607
430090745
430098358
430117704
430135016
430219230
430233972
430294462
430344056
430399529
430440534
430478916
430560226
430606477
430681125
430742685
430833513
430931929
430960650
430968334
430984145
431034855
431121015
431165042
431167494
431241071
431288953
431297108
431332956
431360658
431432925
431498242
431549845
431608782
431660297
431742406
431755937
431779849
431791219
431861711
431938879
431974410
432034039
432111062
432152861
432205625
432271454
432272733
432357562
432373309
432389880
432415194
432507623
432538466
432559557
432592874
432654211
432715230
432733695
432785517
432857147
432922383
433018146
433051623
433135651
433155002
433178776
433198475
433276899
433363877
433401998
433405011
433465822
433474780
433510127
433537765
433542448
433603188
433611037
433666688
433740883
433746447
433835053
433871884
433942423
434001332
434056159
434099650
434195708
434256050
434311455
434362078
434408412
434453387
434477998
434512946
434533318
434624648
434653212
434735191
434833391
434873715
434909649
434932963
434968107
435002656
435055773
435136227
435175350
435190994
435212088
435284319
435345623
435418121
435449856
435513311
435554779
435582091
435595560
435646092
435736519
435759036
435812838
435838727
435883150
435962971
436021139
436032957
436069395
436141569
436241015
436267074
436338754
436384445
436448879
436454198
436551238
436642001
436655692
436675834
436681566
436752572
436784713
436793571
436823251
436865965
436871298
436939828
436980216
437025517
437068498
437130145
437161144
437218482
437241863
437275371
437335129
437434362
437440753
437528315
437559656
437626364
437681972
437698701
437710553
437752789
437808124
437881257
437914453
437945829
437998231
438067885
438140497
438163981
438172425
438230046
438317287
438344372
438380938
438411551
438504088
438519785
438584765
438611628
438634602
438712966
438808532
438815044
438857798
438950261
438967050
439062565
439138975
439193982
439220238
439247414
439317100
439383861
439425284
439508233
439573893
439620650
439661047
439745170
439818916
439891873
439892452
439895802
439991358
439993549
440047019
440116721
440143031
440145173
440157536
440243178
440273829
440329893
440408416
440416965
440464687
440514707
440546032
440644955
440674962
440725114
440761978
440766589
440807966
440886980
440902268
440989863
441055988
441082860
441181477
441218970
441304805
441404286
441463907
441522067
441547530
441605497
441620619
441660269
441679336
441737303
441778126
441832632
441890288
441909393
442000661
442026424
442120554
442134856
442225368
442323390
442393008
442481270
442512894
442565032
442565762
442641935
442722768
442781653
442820744
442849687
442881818
442935025
443016817
443113743
443168792
443244871
443320048
443342285
443406567
443412250
443457621
443464902
443499905
443591981
443656073
443735617
443791832
443879336
443917985
443964442
444060916
444142547
444232420
444329313
444379154
444398585
444460355
444519394
444542366
444608453
444695132
444751969
444767882
444780574
444792603
444884677
444942484
444962276
445046373
445125774
445214261
445240428
445288547
445344414
445365346
445454426
445460588
445475216
445512440
445516760
445596714
445681873
445701058
445771032
445792373
445836700
445864450
445868442
445950996
446039561
446107028
446159699
446207632
446278288
446349442
446417057
446439318
446531568
446544236
446591954
446627171
446658249
446702745
446734700
446752489
446794784
446829785
446889560
446974908
447064311
447112541
447178978
447215184
447269509
447355327
447423009
447485096
447508055
447591424
447671581
447689519
447726955
447788431
447872165
447960972
448005586
448019358
448060434
448069363
448072238
448139243
448178960
448242064
448270425
448364974
448456247
448549510
448555937
448598768
448645466
448719176
448757006
448839828
448896763
448938388
449021201
449084087
449151299
449176567
449177110
449211381
449281249
449366990
449462219
449526956
449615006
449659503
449714546
449733615
449762977
449859963
449881269
449974307
449977573
449978979
449988615
450031698
450051845
450114717
450212373
450304605
450342996
450373748
450414140
450435980
450530089
450540175
450593842
450636064
450637972
450684206
450746739
450760929
450811275
450898451
450934677
451006126
451011060
451026790
451081750
451090933
451147044
451218126
451282165
451315061
451342711
451399914
451461306
451514409
451552074
451633489
451699820
451725561
451813855
451878609
451938386
451975566
452062562
452102042
452172288
452270182
452332412
452345668
452351603
452445644
452465716
452506109
452590868
452688593
452782557
452804933
452884062
452923307
452931905
453015466
453070578
453132296
453214344
453275943
453375101
453431196
453529219
453531403
453598960
453608124
453660336
453662487
453727170
453740883
453817212
453818624
453867470
453880636
453959124
453975132
454024530
454119220
454178256
454248961
454259763
454323149
454378994
454473470
454502540
454556182
454599367
454634520
454652164
454688665
454700788
454788249
454851237
454924242
454940350
454977790
455038905
455059581
455105209
455171904
455226993
455266912
455326834
455368669
455431484
455528600
455530303
455626932
455686364
455736690
455795215
455887624
455984037
456004464
456048622
456139345
456225773
456284850
456353420
456362880
456409448
456470664
456529361
456540400
456569094
456666606
456700876
456709722
456747943
456845833
456900023
456910458
456918767
456980145
457018215
457062047
457108794
457175178
457267040
457339873
457439124
457442967
457517036
457616745
457625948
457689283
457720624
457779108
457821602
457858393
457886714
457914374
457940128
457985841
458074441
458136435
458166248
458249502
458306959
458393106
458434515
458480966
458490915
458567083
458623226
458630985
458672105
458686538
458768484
458809349
458862834
458871738
458899293
458906317
458917447
458981230
458997661
459088631
459099450
459103816
459138095
459187923
459198968
459199181
459262368
459354803
459380282
459383713
459403929
459414513
459466755
459541888
459622421
459672328
459685544
459767192
459792109
459824873
459856628
459938851
459953009
459955159
459982356
460020381
460075304
460105945
460142886
460193514
460202667
460204830
460206558
460228000
460273316
460297346
460341742
460382715
460396010
460453064
460518209
460613211
460639306
460729275
460759301
460851779
460927939
461010147
461023848
461039103
461064030
461078850
461137775
461221259
461253513
461353229
461397457
461436854
461472338
461562487
461616825
461703087
461742942
461786582
461830894
461907645
461973232
462018119
462107719
462166388
462175425
462253659
462314019
462410332
462443796
462455351
462533339
462539724
462584563
462590811
462674096
462748429
462845418
462944541
463003379
463053193
463145597
463224668
463312820
463393094
463424635
463474612
463546280
463571072
463609346
463679028
463718780
463811463
463883758
463911675
463938725
464013499
464057694
464143097
464217762
464242545
464264227
464319818
464360494
464379925
464465116
464557637
464645923
464689234
464697405
464776721
464793974
464835329
464836587
464888344
464983429
465081091
465115705
465134191
465163654
465186016
465271522
465297216
465316116
465373292
465465865
465536339
465568566
465572671
465572905
465657898
465701527
465715858
465811031
465838477
465851616
465914014
465946316
466045815
466109223
466134718
466185943
466227215
466323574
466348016
466396264
466447615
466476132
466548746
466618165
466642719
466669655
466741611
466836991
466846392
466941659
467003846
467014377
467096182
467182158
467193818
467216360
467284730
467289175
467319986
467359683
467414139
467420762
467495996
467527653
467600565
467613729
467617378
467666202
467752655
467816395
467871316
467933289
467944806
467956401
468047251
468084073
468182705
468219795
468283123
468295961
468320692
468358936
468416494
468514465
468605787
468679274
468725250
468822965
468915621
468930650
468939750
468978890
469054721
469097389
469163504
469254061
469327416
469395127
469419185
469446059
469521178
469619207
469658834
469740026
469751013
469822670
469831788
469927081
470004684
470007769
470105650
470188586
470272442
470368231
470441288
470537764
470568341
470590023
470602210
470645440
470656321
470676240
470759730
470810205
470848995
470922459
470953147
471041099
471100064
471158819
471219177
471242807
471332918
471353798
471372562
471395750
471487601
471493391
471542703
471601918
471627877
471630680
471664544
471689759
471728290
471784446
471804579
471813073
471863902
471945541
471957729
472053739
472125496
472137450
472158565
472165750
472184025
472207381
472209205
472230881
472315223
472387649
472436208
472439160
472506296
472597104
472647969
472667100
472669405
472757829
472819401
472861514
472909852
472928639
472929817
473018586
473093896
473135925
473136821
473211045
473217336
473237944
473298987
473324331
473387712
473395892
473411638
473442570
473492074
473575080
473661375
473738968
473770016
473841070
473870038
473907809
473910530
473956275
474002065
474078051
474135965
474164796
474210028
474281289
474300974
474372618
474413377
474493512
474503759
474583249
474648226
474677597
474742384
474840115
474902635
474910124
474974121
475055836
475147324
475201376
475260950
475315647
475316449
475337456
475387530
475463610
475519366
475614100
475631965
475713853
475743369
475781084
475824911
475887501
475922054
475925367
476006775
476011168
476023192
476060854
476097860
476172641
476269535
476331989
476362946
476388781
476469113
476509171
476522466
476588263
476647786
476702821
476760629
476821889
476881421
476955471
477008002
477015238
477041043
477140609
477146676
477198951
477281160
477339096
477428466
477472052
477510336
477579245
477673219
477705629
477788063
477850826
477857977
477930064
477951656
477980216
478024304
478122548
478148536
478183357
478208148
478248790
478329459
478374332
478438141
478501667
478552212
478630500
478719219
478737184
478811510
478822909
478881119
478881778
478964701
478989282
478991591
479077756
479148626
479245101
479288984
479386003
479433631
479495156
479552579
479619152
479711772
479742105
479780337
479797156
479816889
479848247
479895616
479900465
479939932
479950080
480031193
480100069
480127209
480157861
480178661
480205300
480221675
480295614
480333634
480367995
480408237
480456237
480502141
480552924
480597891
480676878
480678276
480768157
480857733
480935257
481000333
481005152
481061210
481096767
481106815
481155874
481187130
481222977
481247248
481250862
481276207
481333742
481391873
481478082
481550230
481602175
481688803
481691621
481788014
481803125
481858696
481867303
481922481
481989845
481991841
482072956
482140878
482177966
482184816
482260518
482270823
482333733
482408828
482501216
482530850
482549027
482646814
482713676
482753681
482801294
482829991
482912397
482976505
483012521
483046475
483092731
483116657
483139929
483175303
483205836
483258229
483315034
483323381
483349820
483358964
483396992
483410443
483459703
483494203
483529759
483598410
483638289
483719956
483733063
483748894
483800004
483827129
483921692
483926637
483977589
484071419
484117828
484132941
484178507
484200894
484268241
484325328
484424833
484450923
484481101
484540715
484600920
484619325
484691853
484748184
484794272
484803663
484882087
484934667
484947887
485046644
485075748
485129418
485203471
485213226
485309280
485400377
485477278
485527814
485616870
485678462
485703508
485716600
485735298
485788553
485810250
485877848
485923468
486015525
486098180
486177656
486249096
486272937
486337053
486399109
486434226
486487294
486517949
486614644
486657343
486748837
486794078
486894001
486971841
487006736
487064438
487116341
487191129
487254499
487255926
487280411
487316074
487403856
487481858
487576003
487662821
487749925
487802550
487835212
487896694
487993467
488014807
488103100
488110487
488159403
488185705
488267523
488278051
488286265
488348782
488436436
488447336
488507148
488604101
488621966
488627960
488722196
488798215
488810545
488875013
488901410
488907644
488977755
489024859
489059752
489105057
489180571
489255096
489341604
489347407
489362402
489377046
489450190
489493177
489583687
489616398
489705473
489803887
489893753
489968502
490046417
490093534
490169453
490269367
490280097
490285385
490326080
490348635
490439458
490470748
490552853
490578478
490599538
490613806
490694456
490757946
490820537
490853544
490906176
490916096
491003028
491018531
491027303
491084162
491128224
491167240
491172673
491205348
491216322
491237720
491316863
491412501
491488837
491562627
491625853
491652957
491715326
491788576
491803282
491829363
491911299
491997615
492079678
492155090
492240595
492315205
492328294
492345544
492414158
492432615
492484910
492518479
492612384
492659084
492717077
492779195
492844135
492921073
492956971
492995749
493004679
493096575
493108793
493180101
493207239
493270076
493335850
493425405
493516365
493605146
493701174
493731498
493756107
493792675
493873677
493940336
493990452
494007726
494051016
494120735
494175281
494259423
494331442
494336694
494435298
494477925
494486229
494506956
494525317
494585871
494651439
494705499
494721844
494795676
494849533
494898872
494935952
494948597
495020219
495110670
495198964
495199614
495235952
495294860
495306795
495330472
495408799
495466040
495501002
495549835
495647086
495707510
495733323
495817969
495824112
495827744
495912807
495932663
495975331
496068735
496083881
496094486
496193743
496206671
496279636
496300308
496308207
496312301
496330297
496395838
496461027
496478891
496550536
496556489
496621081
496668144
496668726
496757936
496814785
496887171
496956162
496989369
497019052
497067149
497113071
497148070
497198174
497291821
497367274
497415772
497494663
497523360
497562508
497612406
497705483
497711598
497774740
497872566
497896374
497969423
498004341
498026974
498054863
498149539
498238770
498260621
498354844
498408184
498450910
498475782
498481517
498565182
498633624
498676953
498774992
498814379
498891102
498907945
498937146
498956266
498978730
498989151
499023396
499036708
499039758
499058406
499064408
499161439
499251754
499313202
499406033
499494116
499528141
499611234
499638949
499639335
499644327
499722681
499738253
499801592
499843329
499876309
499956862
500008746
500041539
500092195
500149302
500219954
500227384
500281536
500292918
500371463
500427600
500492751
500540889
500587089
500589272
500686399
500727470
500781862
500828617
500848460
500928965
500994346
500995000
501020118
501051064
501115208
501189904
501280650
501309985
501331510
501358077
501419633
501472009
501474173
501505084
501530484
501604921
501641244
501693735
501784985
501797184
501861013
501869495
501899574
501986964
502070395
502116422
502194783
502212080
502216452
502294526
502379613
502405433
502461060
502511884
502567206
502573872
502626224
502717677
502809902
502885714
502901735
502954154
502978978
503067316
503128448
503163143
503192797
503207076
503269437
503291911
503367496
503437364
503533151
503582697
503658985
503681043
503716735
503814032
503829661
503888311
503939658
503971674
504002526
504016519
504081054
504082423
504111330
504129890
504187065
504260793
504314548
504387572
504412478
504424067
504458260
504493390
504566339
504598034
504618895
504628107
504680375
504691052
504777096
504778245
504873726
504906782
504988251
505021240
505111739
505152123
505201150
505276951
505357128
505398381
505425745
505476547
505509205
505574320
505665880
505734408
505816030
505910114
505950322
506031514
506045780
506094696
506102884
506132676
506144726
506226735
506318288
506342369
506420125
506461883
506546001
506568041
506661111
506739713
506778681
506867406
506937683
506966249
506978655
507014478
507050457
507111256
507125595
507201735
507283694
507350233
507418803
507515690
507555136
507631591
507704551
507705520
507774315
507818387
507906392
507994718
508022591
508037701
508054640
508072255
508148592
508183517
508235610
508264963
508340920
508375778
508461400
508471289
508517187
508557878
508591603
508630918
508641068
508656141
508672733
508757120
508787138
508819826
508840752
508856954
508880470
508965481
508979008
509068449
509144164
509225449
509259638
509281111
509324788
509350799
509420629
509443677
509473743
509571650
509663430
509752015
509829997
509896465
509978393
510024459
510113266
510173269
510176988
510194923
510218623
510291011
510345869
510346958
510412304
510463671
510485277
510532142
510581535
510639665
510661079
510711504
510772442
510820083
510901388
510926035
510939957
511008935
511089413
511139198
511190272
511236884
511295124
511328895
511412350
511490554
511544210
511570788
511582578
511588677
511657583
511687953
511710288
511723950
511822340
511861024
511959009
512042068
512102396
512136288
512152984
512190506
512209958
512232958
512276516
512282015
512321230
512381787
512430268
512461779
512529400
512558944
512627051
512683195
512776530
512778432
512815223
512886719
512911820
512964696
513055337
513148997
513159985
513180158
513272977
513321763
513399332
513473318
513523082
513557338
513634251
513687921
513734833
513758688
513833619
513841358
513880272
513887811
513894779
513907706
513965846
514061492
514072347
514077256
514082288
514125982
514181203
514256762
514352127
514420226
514510935
514521600
514596962
514684573
514727892
514762987
514797801
514802597
514830245
514929987
514964747
515012799
515043939
515115774
515190997
515284934
515292568
515368513
515458193
515526186
515607078
515686274
515741367
515787419
515861059
515885943
515945415
516006714
516037992
516113940
516127773
516171655
516233255
516316539
516387548
516417851
516423454
516434989
516465338
516526102
516553157
516599008
516677826
516726119
516805294
516903211
516906812
516915047
516998931
517073868
517158047
517201366
517204812
517237891
517303619
517387807
517393423
517431609
517499846
517583515
517592465
517671505
517712127
517762136
517849230
517939240
518007893
518020038
518104635
518191832
518284450
518302355
518374094
518386500
518436112
518478175
518480593
518495859
518530391
518569943
518658269
518695658
518697653
518712024
518768823
518856727
518880070
518920796
519018681
519071533
519110455
519128772
519189455
519262339
519275797
519295527
519340272
519387176
519434442
519455185
519492270
519559065
519600233
519616154
519652445
519741458
519816999
519913847
520002870
520068539
520107173
520146512
520237079
520258920
520330577
520393635
520464079
520501409
520535501
520598131
520667349
520767214
520800171
520891394
520969912
521046712
521069100
521095774
521113610
521177390
521270617
521301338
521319015
521382675
521432002
521501637
521545123
521556079
521649420
521668080
521710298
521740251
521775396
521825406
521915502
521944850
521998173
522077825
522155176
522177105
522242840
522292918
522324923
522389540
522461704
522548242
522586465
522592040
522653397
522689641
522777215
522826317
522905938
522977433
523005521
523013594
523055831
523085646
523180113
523187048
523212621
523287500
523344415
523385047
523453274
523461419
523518226
523580338
523676313
523724689
523807410
523819977
523855609
523860121
523959591
524006680
524059555
524084589
524119155
524120046
524217135
524238062
524278230
524359110
524363694
524367505
524392876
524405048
524497796
524538829
524609298
524643209
524658607
524754426
524795879
524874352
524916808
524920486
524933564
524961027
525043926
525098635
525105220
525204159
525208518
525235490
525307562
525307824
525376386
525378887
525452572
525464189
525490325
525558300
525625613
525677224
525735173
525737024
525782085
525865631
525877123
525943243
525975513
526053378
526095828
526123707
526179958
526235691
526295107
526370202
526370615
526416366
526423853
526439058
526454474
526464726
526546888
526631235
526692383
526731103
526749234
526761399
526832953
526855674
526882107
526934101
526961685
527037974
527082914
527156398
527253287
527307114
527356687
527447062
527450044
527477805
527567600
527664494
527698648
527788288
527792983
527858238
527905921
527913447
527931805
527995500
528028365
528045938
528058014
528099677
528191964
528250026
528264793
528339332
528396540
528401364
528470749
528539060
528623737
528711554
528724639
528808897
528847770
528924942
529017156
529032614
529039809
529082543
529125302
529182969
529239064
529322033
529342928
529415382
529505330
529535143
529633661
529712210
529719483
529787259
529830644
529857250
529859066
529909214
529925801
529973890
529982663
530066890
530144578
530182944
530227527
530274587
530300335
530335482
530354798
530439110
530533695
530557831
530623620
530631820
530694797
530763926
530818216
530867784
530936477
531002535
531030027
531075723
531096858
531153588
531243240
531287395
531376774
531413175
531473599
531519636
531603319
531682298
531762519
531794571
531882834
531884139
531885242
531947067
531980101
532072905
532114581
532125521
532150929
532232029
532277821
532324074
532404004
532471246
532546893
532550827
532577710
532656204
532668508
532694308
532744985
532795576
532856280
532876547
532884358
532916882
532948844
533014255
533063512
533085612
533087762
533096503
533144623
533150139
533187623
533263130
533291699
533349908
533362912
533401688
533442247
533500887
533538059
533550772
533615849
533642383
533711689
533734316
533814298
533881931
533970824
534035665
534083716
534092909
534186581
534227308
534241749
534260917
534340431
534356128
534402809
534440830
534486560
534523384
534574109
534644016
534649350
534699027
534746123
534841456
534864130
534933559
534956256
535001143
535066926
535095256
535112718
535176360
535216842
535309585
535343918
535425900
535494386
535558528
535560737
535589769
535654762
535695726
535771185
535784827
535823050
535825621
535904353
535978388
536017152
536111120
536139387
536237143
536291495
536325349
536361992
536365193
536431496
536464838
536493200
536514999
536523424
536527918
536571760
536643028
536716284
536750686
536754243
536836710
536926003
537010235
537097281
537160391
537186140
537227602
537263843
537297391
537309735
537377360
537395221
537481132
537521125
537616090
537695392
537783372
537855576
537860465
537933462
537970284
537977100
538053847
538081421
538149260
538157691
538199328
538297391
538334656
538361830
538370940
538403108
538408574
538420216
538437194
538535093
538537706
538599701
538663662
538710187
538809061
538844186
538929606
539023004
539107603
539136207
539150386
539239838
539327305
539331198
539340360
539419254
539465258
539562239
539565361
539602960
539673369
539724701
539795635
539822323
539889420
539941139
539998964
540026579
540080758
540170152
540240633
540324630
540370680
540455653
540506463
540532255
540585436
540674467
540747616
540805133
540842430
540888865
540910543
540997068
541041291
541088328
541136928
541207352
541295250
541338145
541395849
541442349
541515945
541595702
541618463
541650958
541661615
541758461
541851667
541945699
541977469
542065666
542083225
542109137
542186640
542269638
542345044
542419891
542515135
542584871
542634533
542653446
542689404
542781403
542854459
542888056
542934424
542976904
543075251
543153010
543237865
543337551
543380397
543466177
543490499
543522862
543540438
543582965
543617421
543651853
543734503
543784650
543865536
543945253
543976350
544028618
544037985
544114125
544207693
544253260
544308638
544408637
544439090
544519575
544562033
544625140
544625858
544714286
544778331
544799242
544838212
544920150
544998700
545008909
545021949
545117523
545162728
545188480
545287447
545311979
545387219
545401456
545452113
545530540
545565380
545652216
545750759
545770600
545774157
545831187
545862053
545897429
545992869
546084300
546132908
546194615
546267842
546291752
546305107
546381527
546427985
546497850
546556372
546643018
546643418
546718128
546725772
546781810
546876171
546930849
546954086
547013651
547047468
547065811
547132780
547178188
547183803
547218147
547222234
547281933
547367012
547391296
547458059
547464333
547500977
547596523
547628803
547689732
547768082
547818692
547863970
547904008
547921468
547982213
547986210
548041689
548063966
548139128
548148799
548181115
548237970
548304252
548385245
548473788
548562363
548588505
548646840
548653008
548663674
548718718
548752015
548776666
548824190
548842481
548897745
548907955
548953066
549011331
549021067
549061092
549153228
549178489
549222176
549250125
549276613
549302238
549397720
549414809
549472806
549482742
549556046
549596729
549600435
549612629
549626384
549686006
549738015
549805808
549900082
549932376
550002765
550076597
550148700
550241542
550329492
550360807
550392561
550461981
550468211
550513521
550576110
550611009
550694609
550724767
550758455
550803043
550880366
550921692
550939160
550957871
551045579
551110305
551164757
551177924
551202131
551208983
551247545
551337126
551342741
551406361
551498675
551524929
551525982
551537913
551617155
551715106
551801829
551826121
551882469
551977663
551982937
552054166
552132077
552136690
552141570
552194020
552250784
552279827
552325303
552327623
552359334
552369314
552448098
552540096
552559531
552643462
552697287
552740974
552788728
552832547
552904799
552977916
552991882
552997909
553087129
553099272
553173896
553178335
553197428
553257549
553263512
553318058
553394266
553439509
553473584
553504214
553546283
553609483
553668951
553723911
553786335
553789213
553801586
553874514
553912585
553915672
553998563
554026801
554107792
554128097
554131633
554185903
554252983
554269907
554291589
554309182
554309910
554328551
554376642
554466197
554481338
554490830
554545484
554552871
554568426
554653232
554692820
554749989
554836935
554854175
554927198
554977899
555046904
555076412
555083126
555097869
555175433
555195571
555195981
555258970
555296387
555304438
555382921
555476527
555477013
555543036
555573127
555618489
555712134
555752183
555827158
555888006
555968215
556029635
556107274
556149544
556181717
556220392
556235028
556246480
556334686
556395156
556464409
556483998
556558577
556564174
556647427
556654673
556727836
556807382
556817083
556885999
556918336
556923530
556980502
557038551
557087806
557176930
557248968
557252555
557294521
557335773
557433630
557516870
557570957
557617584
557708158
557745840
557803531
557855584
557953003
558051264
558097727
558148929
558238786
558307492
558392339
558480220
558530416
558535556
558541803
558569301
558656528
558712209
558804198
558850236
558944540
559029899
559076208
559143509
559148064
559158216
559158302
559185249
559227907
559308172
559352462
559441313
559508637
559559512
559657319
559697328
559717725
559729973
559771404
559803384
559835871
559876438
559897033
559976376
560049460
560126561
560161041
560171075
560188431
560216678
560228924
560238309
560266050
560308870
560357113
560415848
560447626
560487720
560531277
560585173
560670361
560688926
560760577
560777129
560820219
560832147
560922661
560954023
560994882
561071865
561077665
561166963
561193575
561268274
561347129
561402907
561430750
561478455
561544538
561638626
561714574
561791687
561831481
561856387
561938088
562033808
562037783
562116858
562148479
562179271
562221432
562231483
562283759
562323269
562404836
562499042
562547012
562632929
562646283
562699499
562785663
562845243
562861507
562939842
563035679
563068033
563078953
563141694
563176156
563199693
563274080
563290375
563369819
563465806
563519565
563556946
563600437
563670301
563745449
563804111
563841075
563850589
563882833
563966289
563993080
564014952
564076643
564111031
564209696
564260728
564339376
564406679
564496117
564585458
564671584
564769390
564782752
564848325
564918407
564927498
564929250
565016658
565109495
565200813
565285989
565379413
565456456
565505713
565593512
565623825
565710627
565776434
565811461
565888522
565890319
565916323
565947531
565952262
565956927
565991806
565992253
566049214
566129232
566212167
566246849
566284912
566360774
566454567
566544003
566549231
566605896
566663783
566669082
566750346
566789532
566871936
566937440
566983322
567044911
567084212
567176553
567237055
567286813
567295170
567303338
567334410
567431273
567435669
567498631
567523549
567578936
567599806
567622536
567650604
567725475
567797122
567830072
567878000
567910677
567942583
568016428
568038365
568053688
568080490
568170477
568189554
568248728
568284412
568370726
568413327
568441587
568532749
568596088
568695292
568741160
568809074
568855476
568894792
568911192
568993337
569079017
569082204
569154227
569246133
569286907
569291331
569359811
569445979
569532923
569536076
569561211
569592044
569607740
569655619
569687180
569689804
569745265
569838122
569855660
569891279
569915399
569926529
570025290
570100662
570142318
570238959
570243591
570330226
570374926
570385798
570446274
570494840
570581565
570674705
570705387
570740434
570768053
570788416
570793819
570891846
570961856
570998098
571091855
571102775
571134442
571184336
571211702
571219097
571232839
571253699
571286498
571305095
571358628
571418494
571455612
571468249
571505560
571548725
571588050
571592491
571649547
571661625
571690187
571788615
571794103
571824687
571883471
571911385
571950699
572008480
572102542
572116079
572139781
572142503
572218479
572316906
572347118
572409063
572467328
572561228
572617521
572625244
572646358
572665874
572679165
572739697
572740952
572826937
572842064
572845339
572852589
572905946
572968036
573048390
573109760
573125473
573165094
573258209
573264441
573312443
573358839
573376613
573390498
573394804
573422775
573480916
573543180
573625294
573723548
573804303
573830070
573923804
574005228
574061691
574128890
574169601
574249665
574261674
574273400
574372492
574377114
574456201
574490717
574581725
574597548
574688720
574713708
574772780
574810654
574883942
574956075
575031957
575125745
575207972
575298600
575344999
575373482
575450769
575460207
575503305
575557743
575571407
575595538
575661904
575671261
575703609
575753865
575774346
575861314
575910373
575912341
575941308
575985319
575989062
576010458
576104853
576161732
576185258
576218220
576279057
576316133
576392169
576446944
576546420
576615824
576667582
576703590
576747684
576793329
576849400
576923714
576968788
577017898
577064683
577098889
577100442
577161362
577209807
577281442
577326393
577359793
577398403
577454006
577495809
577568769
577570599
577592230
577618450
577697779
577789163
577793563
577794395
577838318
577878325
577924519
577988659
578054737
578126233
578144838
578190755
578227455
578235366
578270275
578275223
578305381
578394022
578487098
578497591
578514787
578613955
578659820
578666009
578729321
578827454
578832319
578859542
578959127
578981875
578997350
579055097
579115940
579117219
579144598
579208643
579237484
579253814
579337925
579400823
579461105
579489747
579565101
579595041
579658752
579717178
579773385
579797163
579834703
579859220
579865359
579911387
579977854
580064563
580078346
580109372
580181792
580201817
580265354
580324586
580422903
580460543
580556482
580633646
580707212
580797214
580861352
580893196
580899786
580990647
581030986
581084487
581161864
581234472
581322260
581381845
581414957
581434908
581530825
581590603
581604649
581698436
581717181
581764278
581781675
581839916
581896263
581922305
581975998
582039054
582112846
582141910
582187459
582224641
582270169
582291064
582387306
582449568
582477382
582509385
582604342
582614282
582630056
582718410
582805223
582866205
582904359
582974680
583038425
583052158
583142701
583143386
583177543
583227661
583292536
583322958
583324201
583359096
583418349
583481096
583493416
583507732
583564807
583588780
583678227
583768652
583816180
583874090
583914302
583940509
584025494
584034438
584090027
584160242
584180061
584244971
584258114
584331424
584376065
584406602
584406885
584486388
584568514
584645506
584650681
584693592
584754261
584814647
584852233
584932642
584984733
585069161
585134425
585177208
585261316
585279776
585352771
585443401
585503977
585509487
585587019
585658570
585757154
585798959
585828166
585852761
585868749
585887021
585931705
585946512
585955266
585973951
586009134
586049175
586053778
586115153
586198286
586283279
586358715
586453075
586463696
586560156
586630889
586690002
586739943
586751836
586815368
586897974
586907546
586917862
586927568
586970646
587042532
587064876
587075282
587091814
587190120
587202822
587242048
587298597
587313393
587412661
587425346
587439971
587463985
587531692
587587798
587675698
587683833
587750302
587816428
587837151
587862376
587934146
587995892
588085467
588174692
588183499
588270757
588299730
588381227
588424044
588515731
588573505
588621191
588704235
588742225
588808813
588851378
588863009
588958096
588985435
589008555
589031853
589082085
589127458
589135745
589150940
589185894
589238407
589331649
589411693
589431256
589451097
589473221
589510516
589527306
589594094
589672715
589680872
589710080
589742239
589795919
589867683
589939472
590001702
590028772
590082296
590121385
590152019
590207140
590229301
590286376
590352320
590389027
590462568
590504816
590564050
590607898
590644771
590709886
590806626
590856273
590878311
590894869
590935365
591013440
591057155
591099987
591162032
591178258
591243132
591312738
591332945
591402424
591453263
591508545
591599964
591687609
591713797
591777350
591832836
591877746
591910897
591970107
592069151
592163619
592208389
592256990
592341122
592421511
592480362
592564475
592630881
592728042
592758264
592856620
592920355
592993269
593064906
593073851
593118848
593191595
593216909
593233871
593333373
593358209
593417178
593510221
593554770
593639012
593693032
593700193
593756523
593798407
593869403
593928998
593970949
594010656
594086044
594127650
594163083
594192175
594272274
594319236
594390192
594466435
594481324
594549982
594551442
594560802
594615592
594688893
594722631
594807250
594842755
594857925
594866811
594952065
595000166
595097688
595166671
595235066
595289083
595387781
595402491
595407117
595437763
595475767
595570575
595614157
595677055
595724330
595754115
595787949
595827891
595877558
595925974
595934046
596001898
596047391
596072370
596138371
596216295
596311867
596372946
596450253
596467653
596511690
596552535
596615360
596656170
596721578
596816610
596914672
597002656
597077709
597145861
597201580
597240088
597248697
597345818
597391016
597465830
597486736
597578503
597659869
597671666
597697182
597736402
597742195
597800120
597879515
597956430
598020642
598041967
598067513
598138608
598181096
598271889
598299374
598319659
598324342
598411939
598473561
598523734
598606059
598631097
598638361
598656837
598705509
598762457
598853825
598898696
598934334
599022112
599074373
599088698
599167029
599192082
599197003
599234790
599328483
599412329
599415900
599465482
599475590
599511798
599521270
599610363
599670781
599754210
599804943
599904741
599975672
600065419
600163096
600197210
600268753
600278732
600320051
600325183
600403754
600482183
600569785
600599021
600643374
600698658
600761604
600824740
600840182
600853299
600893760
600963234
601003737
601054307
601123244
601176935
601234288
601305792
601389113
601401862
601435846
601451762
601476203
601556566
601620722
601664613
601681738
601712265
601803937
601845828
601928772
601988717
602049972
602076458
602141675
602189296
602197836
602251896
602278237
602360034
602417046
602463173
602472272
602491951
602511427
602581048
602605538
602610624
602653950
602665065
602735210
602753831
602851824
602915701
602957743
602999893
603080517
603106449
603106756
603153295
603207894
603288600
603337148
603356429
603389781
603474509
603524959
603595626
603641371
603670058
603766157
603842736
603880753
603960572
603999863
604026692
604093242
604135577
604153428
604168225
604223346
604288579
604317828
604365122
604444649
604494229
604553997
604623123
604640000
604647635
604714786
604715066
604771339
604796888
604834896
604843536
604850270
604851906
604916171
604955869
605032147
605034922
605108840
605113982
605141471
605226593
605283209
605331694
605405561
605426178
605470443
605496472
605515782
605561407
605579696
605640699
605733094
605801182
605833251
605921172
605993634
606091981
606157789
606175050
606262382
606337235
606375431
606402632
606472384
606535703
606540546
606621009
606663778
606727326
606767671
606865611
606887527
606970998
607027262
607108085
607123291
607159094
607167774
607215510
607256639
607326174
607423030
607481927
607490932
607560165
607577968
607628945
607703871
607773527
607832771
607879941
607940328
608013294
608052659
608123524
608130124
608181678
608213271
608265010
608286512
608332910
608421662
608475823
608559161
608642095
608688588
608753555
608832921
608906275
608906821
608954946
608959176
609048370
609068829
609135486
609194129
609250684
609287707
609305074
609330912
609333767
609431119
609509258
609578013
609631465
609726981
609729990
609790293
609808495
609895969
609979199
610018442
610020066
610029597
610031354
610097214
610140707
610142980
610151672
610233994
610262975
610285574
610308631
610371087
610454894
610505684
610507675
610606455
610671506
610724655
610725028
610738943
610820262
610874107
610951607
611012245
611030712
611108708
611138167
611192690
611275088
611320168
611353986
611372156
611374586
611399204
611487582
611536644
611605567
611644213
611666611
611717321
611738204
611785747
611838094
611878679
611925521
611981161
612008311
612031296
612107889
612179843
612189405
612204874
612231783
612283892
612365988
612420737
612502702
612514684
612550507
612587877
612684697
612717773
612739237
612795677
612824221
612841333
612854724
612901006
612974510
613001475
613043424
613075215
613100128
613123245
613184424
613243809
613289078
613355662
613408481
613467118
613498185
613589072
613685753
613777133
613795783
613852900
613934170
613937522
613988879
614052749
614127541
614142493
614231386
614260710
614312254
614401619
614409743
614446525
614494883
614581863
614656780
614684119
614737411
614826134
614868341
614936622
615036521
615085719
615115707
615204720
615267784
615306423
615314438
615380422
615454263
615476168
615478453
615558038
615637564
615703986
615760105
615778007
615853286
615930473
616006933
616058957
616060654
616090862
616099071
616164586
616260402
616297988
616331031
616399688
616471827
616561154
616579179
616640690
616735223
616783653
616834283
616918943
616955729
616991749
617025495
617081034
617152968
617205989
617281818
617337393
617350475
617394538
617423791
617446128
617541236
617625886
617701989
617782336
617827586
617875893
617885209
617916714
617976025
618066325
618103306
618178743
618183623
618195812
618287040
618297925
618332457
618388424
618425974
618455161
618465430
618527595
618562974
618614877
618652493
618733466
618742909
618785435
618862766
618890132
618902100
618929900
618971189
619055488
619138592
619193282
619239989
619315889
619341276
619392274
619414414
619508339
619525654
619564670
619568345
619635631
619657507
619745568
619745960
619823060
619832186
619927236
619995410
620010977
620044778
620092968
620094710
620175481
620273703
620299401
620395350
620463163
620477878
620514252
620614229
620648503
620715759
620788529
620832478
620862732
620931497
621021770
621084448
621165847
621242968
621311006
621330838
621372069
621429464
621496726
621524742
621624308
621669248
621677759
621706820
621726957
621809011
621901090
621956078
622003910
622067870
622125255
622199148
622233573
622269775
622325084
622334057
622431358
622472897
622504955
622600873
622655103
622679997
622683025
622690298
622756485
622836444
622840598
622904994
622979141
623035020
623089912
623099161
623147405
623187730
623260351
623355306
623372319
623459468
623534971
623630646
623680666
623774147
623860880
623884068
623916354
623993888
624006474
624010193
624028864
624128089
624171228
624242332
624302521
624388645
624437804
624481146
624528784
624565522
624605772
624683178
624743787
624805953
624904417
624964762
625061083
625088548
625132446
625216771
625298418
625371286
625403567
625498508
625580983
625654040
625733020
625812486
625813045
625912731
625970449
626005405
626083597
626150081
626239055
626330220
626416962
626470826
626506623
626601393
626654035
626739601
626761770
626774981
626847157
626865821
626914802
626963516
626980913
626998305
627028874
627034140
627038055
627131471
627136936
627221525
627298231
627340789
627343251
627394214
627490059
627500378
627562764
627660526
627727266
627746804
627808120
627898426
627981392
628060976
628114683
628192284
628289820
628327997
628416905
628457136
628542575
628554313
628562165
628583475
628643013
628730131
628763543
628839486
628897605
628931359
628952038
629012496
629079825
629162292
629192659
629209303
629217371
629270733
629291073
629329603
629403939
629442296
629476726
629514780
629520991
629533354
629567655
629616868
629658115
629728617
629810985
629847803
629861981
629866442
629883958
629901204
629973889
630005763
630087779
630093659
630151805
630219702
630233153
630237551
630299048
630397463
630447901
630544127
630585752
630606775
630696913
630748048
630780909
630828614
630840944
630910424
630910543
630932917
630947984
630997998
631075158
631159313
631254137
631327545
631336504
631369282
631404563
631421068
631438819
631456148
631547882
631593470
631603615
631650970
631731894
631809688
631847028
631874210
631895214
631954014
631958808
631986291
632073561
632144286
632210386
632255156
632334976
632364265
632367899
632411658
632505607
632535874
632602838
632621618
632654773
632749922
632762465
632769491
632824837
632827292
632904342
632944955
632994183
633061638
633107024
633191021
633232162
633282370
633350296
633379380
633391915
633463584
633525004
633616028
633694116
633710292
633763037
633858153
633928248
633968407
634000923
634028577
634067288
634155965
634175593
634238600
634312793
634364847
634446753
634466802
634503784
634526191
634558093
634567051
634633346
634709574
634790540
634824637
634851482
634948572
634995591
635079641
635135621
635217676
635315414
635396427
635471422
635498766
635520769
635609926
635611231
635628235
635696934
635796650
635859899
635945697
635982372
636067615
636167007
636231418
636246518
636261675
636330476
636416484
636506852
636576165
636602949
636643523
636694640
636696808
636705225
636718256
636738251
636816231
636894311
636917750
636980320
636983130
637074888
637075489
637165830
637204247
637238923
637307230
637386761
637432529
637481419
637580305
637623270
637632567
637652649
637687737
637716959
637811314
637861167
637870339
637945678
637969286
638026127
638077511
638161875
638189745
638287457
638358957
638421753
638424600
638467856
638498168
638571982
638626152
638683773
638710743
638723385
638762180
638774961
638802603
638888723
638936472
638938929
639026939
639116374
639204318
639261541
639265648
639265729
639288633
639341428
639357081
639434376
639492926
639541463
639569033
639651183
639698082
639777870
639856574
639955390
640024339
640074797
640139680
640209202
640252015
640280583
640316428
640409107
640424806
640493386
640569752
640635483
640676512
640770968
640833028
640853795
640860853
640947982
641011917
641046558
641073757
641160362
641182747
641215934
641217561
641278563
641280543
641317271
641325863
641357281
641410052
641456558
641507017
641545710
641547107
641598164
641618495
641668816
641710597
641804527
641830333
641922230
642013905
642046100
642047557
642132323
642216014
642236113
642307821
642391147
642417209
642440892
642509405
642589779
642683657
642736803
642810799
642840099
642866744
642926838
642942034
643002470
643094046
643142168
643192975
643198701
643295654
643317227
643391072
643436305
643497379
643596841
643679160
643776048
643846769
643853204
643932353
643942778
644036784
644107457
644204079
644260881
644323144
644387579
644478984
644507945
644524038
644526728
644585365
644652296
644696642
644727170
644746791
644816860
644900343
644938276
645037045
645099347
645174986
645203653
645263558
645265395
645361907
645409194
645409654
645465681
645561030
645581580
645607326
645666898
645744411
645839007
645928107
646019893
646063742
646112474
646140921
646163097
646250692
646272129
646311587
646356429
646360613
646427042
646477637
646532111
646567313
646632429
646685708
646702339
646730967
646813031
646861011
646909105
646931576
646988037
647046923
647090652
647147155
647194381
647288254
647355448
647405166
647454745
647513290
647549155
647620305
647716901
647733387
647809229
647853558
647921029
647928098
647931936
647990735
647999086
648014143
648039038
648080079
648095312
648194704
648288691
648310649
648334006
648403821
648411548
648492580
648496063
648583427
648590333
648681003
648707906
648791296
648849033
648929680
648933604
648935114
648941228
649010280
649077355
649089004
649185492
649207688
649233682
649325362
649423689
649472263
649496159
649526427
649528574
649602874
649629991
649699924
649756317
649814340
649842259
649851410
649938318
650006718
650037985
650124572
650139930
650220996
650265807
650308739
650371663
650467677
650507295
650538331
650542832
650608773
650616234
650671215
650741796
650760831
650765328
650852734
650902569
650904497
650947141
651009062
651024350
651068065
651098899
651111800
651205539
651218089
651232569
651296132
651380910
651425197
651430308
651437876
651468727
651505638
651550559
651551809
651581164
651626272
651657741
651714751
651723695
651816322
651817099
651831244
651915688
651920897
652007459
652038090
652128682
652148704
652165074
652192040
652204987
652303960
652374870
652468689
652483172
652508454
652591819
652593078
652669016
652746941
652843623
652892051
652956560
653022092
653110184
653164442
653217996
653231471
653242981
653325643
653347114
653391131
653412719
653483383
653525166
653574334
653646109
653698804
653754732
653813994
653829698
653886290
653888733
653909634
653990545
654034363
654100987
654185048
654185119
654260091
654337726
654385994
654482414
654527031
654578609
654646516
654727175
654789691
654886171
654946773
654989018
655075298
655095614
655159645
655201051
655235481
655322890
655374070
655414592
655490548
655558700
655606707
655666675
655733629
655807533
655869467
655895543
655987599
656085472
656142233
656172132
656182272
656250124
656293379
656325118
656343807
656404407
656484832
656549927
656611061
656661463
656661809
656741105
656786850
656844885
656893174
656909421
657008942
657029276
657117500
657138340
657159057
657160535
657226326
657299049
657365724
657396776
657435559
657531809
657576324
657640874
657732080
657733992
657800724
657822377
657822945
657904329
657924184
657928413
657997827
658089044
658123118
658168313
658195910
658247878
658328068
658385646
658483641
658527305
658529067
658531298
658546742
658611491
658648692
658734939
658806985
658822562
658829278
658848358
658884358
658943018
659000274
659073096
659148298
659196968
659278765
659318920
659378786
659424640
659450550
659508417
659552415
659567315
659609481
659683634
659758349
659803210
659849721
659878387
659946939
660011804
660044474
660068371
660122241
660163669
660189511
660207816
660209160
660239414
660319884
660337778
660381954
660464187
660559010
660621794
660655015
660677575
660720040
660754267
660760262
660824041
660831744
660904923
660919746
660995458
661042045
661136044
661221544
661287940
661354349
661407770
661496627
661536050
661575386
661637139
661656094
661666144
661750545
661826302
661907151
661985593
661990821
662032757
662044009
662115423
662145084
662188171
662270056
662293924
662341368
662404497
662469847
662498655
662567140
662569967
662652126
662699982
662792931
662868819
662898462
662913701
662940784
663019266
663097086
663188045
663205228
663272085
663335564
663380710
663394846
663426637
663485645
663536436
663633660
663708249
663713315
663771423
663818528
663894554
663961681
663971647
664053712
664083357
664115790
664131924
664164487
664190617
664196908
664261506
664348229
664388026
664417834
664462468
664532806
664591116
664682269
664724545
664754859
664765105
664837674
664930198
664944945
665017691
665056167
665059556
665157521
665215751
665266880
665342273
665419446
665509166
665562358
665654310
665694678
665735403
665803212
665895747
665934806
665999429
666063275
666149384
666188101
666271309
666365140
666459251
666503014
666589648
666689033
666751041
666845636
666846670
666883164
666917978
667006956
667039119
667040205
667063703
667082144
667159023
667159863
667229855
667276337
667306855
667318144
667323594
667412875
667468686
667503373
667511795
667561535
667648190
667714450
667797084
667810105
667814106
667893214
667928430
667942874
667969603
668002115
668058833
668085748
668126357
668226081
668233088
668262656
668282609
668348041
668432315
668450125
668488480
668572749
668646827
668692980
668710133
668744799
668832787
668903978
668946550
669015168
669070303
669160451
669256687
669270472
669339249
669415676
669471496
669551988
669598926
669686209
669708141
669751909
669824207
669903698
669971309
670004593
670051006
670101634
670186642
670244041
670343097
670371712
670468645
670487009
670513135
670602386
670641967
670644491
670672334
670736643
670754767
670804140
670830977
670875216
670930626
670988587
671048842
671052857
671145936
671240943
671314486
671371076
671389688
671405220
671503915
671540996
671612620
671669886
671761551
671814233
671898043
671938402
671948319
671963280
671975553
671988098
672081154
672175225
672262453
672262979
672335068
672374729
672445126
672529074
672617546
672639916
672731432
672795820
672875119
672882280
672888412
672894276
672926508
672927632
672938863
673005853
673082104
673107291
673133187
673215755
673282820
673355572
673358570
673456151
673496795
673583457
673625881
673659623
673718747
673757476
673807469
673897566
673906160
674003943
674055254
674095834
674155230
674179343
674199829
674251506
674306287
674312581
674373398
674391957
674399163
674448859
674450790
674476473
674564098
674645313
674670059
674684448
674717554
674724289
674726190
674811443
674814601
674904750
674954055
674989863
675046882
675076450
675137256
675208151
675238880
675284418
675290933
675362545
675407879
675414625
675513821
675581157
675653152
675655710
675743418
675749627
675830003
675846493
675941777
675943745
675957559
675997167
676083259
676141431
676194151
676279694
676333947
676379851
676420026
676458915
676467025
676559868
676651369
676719201
676803091
676856655
676920513
676995614
677021599
677065927
677135081
677210612
677301675
677371367
677466712
677515814
677600448
677625973
677693348
677711253
677711947
677778684
677808048
677885611
677925264
677976446
677980760
677995143
678048819
678117394
678146538
678225504
678257871
678269279
678316556
678398518
678497675
678553436
678618235
678712758
678788230
678869594
678901794
678952179
678988585
679024520
679041092
679103051
679168814
679258906
679269406
679321216
679391470
679432332
679529088
679556300
679640257
679652988
679659289
679735527
679825921
679833398
679932902
680022261
680120618
680139798
680173177
680260721
680278627
680355119
680374056
680420150
680483370
680520574
680563731
680582776
680628540
680673610
680685547
680726182
680727227
680802896
680840457
680912924
680991039
681043845
681070344
681101640
681108551
681133936
681200168
681249952
681310234
681342803
681366137
681384189
681466785
681495754
681515185
681611520
681643001
681699904
681733036
681756893
681777611
681874875
681938729
681973102
682020091
682022268
682083499
682164073
682236320
682309162
682388779
682423405
682521404
682557369
682583757
682634625
682653437
682656834
682754404
682825871
682912407
682928833
682933983
682949256
683004453
683027735
683081367
683126747
683195613
683233254
683306257
683384162
683458805
683465045
683488785
683517721
683578660
683650684
683733485
683747668
683827643
683850951
683940109
683992408
684059958
684066353
684132617
684182498
684243900
684332753
684363864
684371569
684436297
684475645
684505732
684592743
684682991
684732658
684754839
684823683
684846443
684866653
684959845
685040696
685109870
685161849
685247446
685286533
685319215
685325136
685349957
685410515
685478602
685548256
685634429
685663084
685668882
685673487
685717429
685774852
685797146
685828996
685906635
685972704
686071142
686084631
686125062
686186745
686235145
686310925
686339311
686397430
686419478
686422246
686476372
686530477
686530795
686575516
686668860
686691900
686698907
686752328
686788424
686866389
686913003
686955419
687003467
687062209
687147764
687229892
687286218
687312674
687341995
687351253
687397632
687445124
687497962
687581897
687609820
687647767
687718385
687727340
687776740
687856328
687937674
687946183
688026116
688113550
688121553
688218781
688301624
688377724
688418688
688458689
688539751
688545869
688550459
688593969
688611419
688676836
688714188
688715994
688799166
688840893
688844537
688920362
688968481
689011788
689034154
689075495
689144441
689188984
689287087
689386493
689429350
689430646
689530045
689587201
689601295
689606501
689678658
689748726
689845606
689852217
689943927
690037119
690048988
690076603
690138271
690153162
690204149
690300572
690384110
690451619
690500299
690506825
690584917
690659666
690728477
690825575
690833912
690875869
690898591
690901357
690906946
691000119
691083008
691128503
691202849
691301639
691351546
691409992
691433405
691483005
691533231
691621472
691715459
691779754
691867857
691900615
691997166
692025674
692116775
692182618
692281288
692372144
692420869
692505636
692563917
692604807
692640943
692658695
692734276
692804427
692836125
692889713
692892520
692969329
692993014
693020208
693087739
693096139
693152555
693161570
693234554
693273373
693326507
693359334
693377197
693451838
693489939
693570531
693606867
693654209
693694316
693779277
693816393
693881186
693973805
693985640
694065257
694116870
694160738
694174942
694182766
694231002
694234114
694326822
694340357
694408529
694447044
694537754
694565112
694624665
694721133
694721469
694787388
694877868
694959933
695036856
695114584
695165029
695249797
695277235
695295635
695393943
695428389
695466934
695503567
695571485
695593603
695685670
695759019
695856352
695922443
695943551
695958358
695964179
695990826
696010953
696087927
696158707
696258553
696293784
696390394
696427254
696440734
696527142
696554299
696583474
696649253
696678042
696712994
696778637
696781156
696792056
696871021
696872100
696969528
697061712
697116220
697170179
697265286
697331846
697412073
697463175
697540845
697563162
697654028
697709786
697767388
697805392
697832845
697899766
697960270
698037345
698075764
698119356
698188366
698231747
698329509
698396202
698407059
698426739
698505478
698544496
698553678
698634152
698699728
698733991
698739965
698770021
698807740
698888480
698967455
699021464
699095068
699118942
699212981
699236045
699334660
699429780
699526586
699538792
699579884
699585548
699669202
699733457
699743250
699808868
699818744
699881163
699908918
699979013
700078877
700133626
700163160
700226225
700250705
700314673
700353085
700442036
700442422
700539306
700550941
700582251
700643232
700656181
700693615
700785509
700832669
700892197
700983295
700993435
701055062
701060200
701120633
701177014
701265526
701280758
701368846
701454378
701516561
701516836
701554165
701653176
701725896
701743039
701841762
701844183
701851707
701945193
702044736
702054517
702088735
702167381
702246708
702333144
702373564
702447896
702482617
702520510
702524470
702620277
702706952
702785560
702832553
702864388
702867747
702942853
702993959
703044392
703048430
703051375
703132421
703205067
703231711
703282631
703311037
703368686
703421560
703432034
703445595
703466676
703509321
703516561
703548306
703599452
703619499
703651802
703733011
703824910
703914312
704004481
704075037
704152866
704209684
704255120
704318723
704368692
704431433
704474451
704477458
704521696
704545472
704570527
704656355
704741193
704810113
704881342
704978558
704990671
705020478
705069900
705131583
705152735
705157646
705246361
705273957
705318522
705332467
705430126
705445369
705452382
705519622
705561127
705588540
705655847
705715457
705804358
705822342
705827035
705922184
706018334
706115616
706214933
706244137
706335469
706373685
706457366
706469247
706505755
706581133
706658914
706678060
706768421
706770721
706867647
706884137
706929421
706970141
707057274
707109818
707189877
707286080
707383836
707396047
707487806
707548305
707644712
707678989
707768687
707771859
707848907
707859160
707916548
707946255
708023721
708085851
708141982
708182661
708214031
708282985
708312847
708337567
708384034
708396219
708410381
708491008
708492021
708506992
708547573
708579698
708642741
708727590
708800085
708850403
708936681
708948846
709029026
709077845
709094520
709169926
709261101
709279181
709321663
709417982
709483826
709554686
709581402
709600944
709661073
709713867
709810735
709816911
709875272
709945268
709975091
710020653
710021433
710021457
710045579
710056093
710145852
710195127
710229893
710283468
710313231
710327601
710369740
710385067
710472994
710508653
710533719
710604336
710628326
710641709
710696665
710769449
710786248
710810875
710845044
710854673
710904700
710987805
711050880
711132424
711168031
711212842
711232689
711273921
711327798
711336079
711381738
711473607
711488048
711499452
711575777
711620677
711642632
711696548
711784059
711828043
711839851
711846075
711912726
711962800
712022587
712045129
712129633
712161770
712193867
712209687
712219335
712280073
712314788
712357253
712363744
712374509
712399199
712435704
712496476
712567845
712645848
712716000
712763716
712845081
712867810
712942459
712979595
713036883
713130916
713198945
713264788
713299790
713346562
713418424
713493643
713541786
713600191
713644939
713690261
713701765
713796699
713841406
713892027
713895534
713982140
714032767
714129536
714148541
714236857
714266142
714285277
714357463
714387288
714482713
714510072
714591363
714614760
714700921
714752988
714803886
714849239
714913145
714916134
714955113
714963362
715053687
715089146
715122525
715211856
715225996
715238527
715297141
715358259
715374841
715411653
715480673
715517258
715558485
715597303
715600237
715681253
715739005
715779058
715798626
715894687
715929410
715953016
715981481
716001359
716034587
716067976
716138127
716197398
716206829
716259715
716300801
716339516
716351321
716374033
716385738
716415493
716483115
716552780
716615315
716698786
716747317
716830079
716889965
716892548
716959542
717025580
717119539
717190477
717286832
717370725
717405019
717467825
717490027
717507128
717579405
717619167
717629087
717711631
717742700
717783804
717795157
717880031
717894568
717993524
718040634
718112278
718163739
718223239
718246765
718339442
718341756
718356833
718426970
718488562
718577953
718664693
718748702
718809280
718821066
718905325
718979637
719016461
719027328
719055284
719091569
719190402
719213910
719240730
719249593
719332091
719390010
719422702
719512202
719586466
719588367
719670398
719694598
719751782
719815863
719838922
719904077
719932197
719934049
719993285
720078805
720134426
720160632
720210014
720269927
720360649
720365943
720447671
720539458
720542322
720591696
720646902
720657912
720663347
720685914
720774481
720831729
720881661
720921431
720931988
720942699
721027112
721114387
721201377
721268366
721339767
721410869
721431755
721515080
721592836
721629815
721658761
721744483
721829562
721841100
721939701
722010887
722066311
722144160
722175526
722265181
722336744
722434006
722505967
722537346
722576995
722621911
722622845
722696484
722748180
722837918
722896834
722985336
723072248
723155981
723248751
723264951
723277721
723356354
723404286
723444949
723523673
723576457
723634474
723662263
723680648
723756540
723844071
723851662
723929672
723934249
723965120
724042368
724101957
724188451
724200837
724226164
724304893
724366320
724378961
724405796
724495394
724549174
724619023
724715831
724801367
724885247
724981743
725002672
725063276
725134580
725212384
725263804
725291808
725354480
725364763
725425080
725492250
725540551
725564717
725602652
725609760
725680223
725746979
725784675
725857952
725870382
725968583
726030957
726072117
726160809
726230331
726256150
726301305
726362666
726376906
726392219
726435336
726444016
726540821
726606929
726658430
726662064
726682149
726696817
726772500
726783812
726837677
726841665
726934329
726978856
727023573
727045062
727078252
727143519
727221892
727284433
727383264
727469832
727546036
727574316
727660026
727664628
727738169
727775980
727819753
727912791
727959510
727971524
728005512
728067201
728099832
728181376
728246031
728275938
728318494
728414500
728415723
728457299
728544705
728625480
728676154
728759081
728846799
728941923
729033647
729068661
729071094
729114338
729199962
729234045
729244593
729326893
729365917
729401303
729494881
729550656
729581251
729645909
729684167
729703372
729718116
729787490
729844649
729895749
729946357
729984959
730083458
730099560
730101573
730121960
730220233
730308152
730370013
730447452
730475431
730529236
730604628
730649450
730662310
730690134
730710201
730769976
730805214
730825206
730887683
730959376
730965072
730973843
731017175
731023655
731049605
731060550
731155425
731186463
731226829
731319832
731414953
731434040
731488601
731529428
731568547
731629555
731645638
731733807
731761443
731820317
731912110
731918500
731948938
731982750
731999886
732061005
732096356
732174509
732262297
732336833
732403918
732408906
732501555
732512246
732562354
732641916
732689806
732747698
732807932
732870664
732952006
733038002
733055400
733086718
733162062
733248977
733278492
733361841
733403972
733480475
733515441
733589038
733657648
733746866
733786622
733795116
733800436
733880388
733973422
734050796
734072241
734157440
734223362
734281171
734372342
734462815
734529738
734541821
734576077
734633048
734727558
734801482
734896698
734927715
734957965
734973348
735029613
735055672
735083135
735164611
735174792
735263715
735319216
735341720
735427649
735450871
735509344
735534408
735619799
735687512
735740543
735828338
735927475
735934048
735996712
736039904
736125642
736141008
736188514
736245239
736248680
736264252
736362884
736389957
736428369
736441049
736476337
736539181
736631481
736645896
736663964
736717163
736814183
736906369
736981116
737034043
737068689
737128421
737209465
737272456
737286147
737286634
737312431
737386121
737422637
737490273
737534956
737629358
737706151
737766991
737797798
737895295
737993492
738025425
738039450
738117164
738183150
738218357
738280951
738303688
738334542
738423809
738470006
738539089
738588056
738687861
738767664
738776255
738843317
738900951
738980212
739030789
739121218
739121382
739215132
739217184
739302867
739329783
739382628
739471219
739507680
739571284
739575302
739589886
739682121
739691788
739758608
739779014
739783151
739830411
739848431
739877671
739904148
739942879
739954957
739958305
740036470
740109876
740129050
740134805
740180582
740222056
740261431
740318497
740345575
740428230
740460146
740486610
740528423
740564301
740606481
740676737
740747093
740797443
740819012
740883953
740972424
740999629
741037974
741127948
741152186
741219467
741225625
741289071
741308108
741317642
741359149
741454531
741477346
741538419
741599887
741623483
741696550
741767087
741810091
741880831
741885928
741981944
741987035
742038675
742096592
742158786
742174586
742227641
742234386
742278255
742365852
742416946
742512013
742525092
742525379
742529723
742601501
742672504
742687605
742767053
742835349
742877593
742934620
742971089
742997231
743030479
743100975
743165383
743183055
743203296
743217828
743289201
743312775
743357130
743443394
743449211
743489927
743527541
743617495
743672461
743772163
743801635
743805314
743886559
743887151
743923155
743964332
744030471
744098997
744140699
744159510
744237311
744324405
744378217
744411426
744497135
744593365
744684914
744781247
744830544
744841721
744920512
745015841
745024969
745077875
745175024
745208230
745254813
745276913
745328089
745352483
745451036
745530025
745605844
745646892
745702720
745800919
745803135
745823999
745858487
745937751
746029950
746034358
746092427
746171747
746211556
746309598
746327045
746332321
746418995
746512233
746522727
746570339
746627681
746702053
746711801
746729613
746769685
746846598
746857932
746867582
746903800
746912740
746941407
746959052
747056096
747111985
747154691
747203114
747286372
747335923
747336300
747368413
747387556
747467292
747511741
747550196
747601850
747634778
747637711
747732227
747779126
747862024
747881324
747924838
748001151
748033452
748042562
748049463
748064690
748111970
748156328
748230914
748235581
748333347
748346710
748349208
748363439
748445279
748496088
748569519
748587099
748635314
748686996
748717251
748805345
748813866
748849937
748941410
748976640
749023419
749027716
749054972
749154718
749185983
749248829
749325088
749342574
749417138
749460301
749472793
749546024
749592413
749629801
749651664
749719025
749812801
749910869
749965645
749988822
750025358
750062185
750144543
750201476
750251490
750347817
750404233
750421981
750505149
750535136
750565521
750600741
750621193
750662823
750715228
750747315
750808511
750866595
750888012
750933622
750936082
751014433
751061191
751066319
751104880
751202130
751266352
751325964
751406758
751412031
751466298
751564102
751622000
751702515
751795938
751801290
751820539
751872569
751902547
751992023
752078117
752156730
752225907
752318052
752332597
752398146
752465167
752552473
752644681
752723269
752809450
752822372
752833007
752836932
752867804
752938457
752953282
752963850
753052541
753120431
753125576
753190964
753286840
753316230
753370948
753376635
753383652
753390481
753407129
753411092
753433036
753485821
753573069
753634576
753670741
753713308
753757044
753798717
753889578
753957118
754042976
754085816
754094217
754151177
754208333
754284468
754369757
754438781
754520823
754556742
754630773
754701727
754712381
754762178
754830769
754853909
754921953
754984466
755022431
755113081
755201701
755202536
755270179
755316257
755338777
755348837
755351265
755358494
755362525
755409467
755480145
755537752
755537911
755550094
755564638
755596256
755642238
755689669
755780289
755827903
755883727
755918275
755953168
756015642
756063058
756132907
756206948
756219716
756261010
756281908
756319851
756411758
756434962
756473247
756558976
756636616
756676029
756698138
756777182
756829098
756850597
756885760
756930270
757029551
757088123
757182653
757269357
757292485
757385696
757453135
757505847
757596640
757669966
757729048
757791679
757829888
757877616
757954488
758030642
758100731
758115658
758171195
758211433
758290705
758345683
758369599
758463047
758470372
758511739
758555098
758631891
758719335
758808987
758882548
758953321
759049082
759120571
759195748
759273872
759304184
759392142
759420141
759461053
759533255
759552240
759627096
759655079
759674970
759744984
759824919
759836414
759915410
759997594
760021384
760022140
760087395
760104540
760180179
760253553
760304338
760377552
760419876
760471884
760479674
760511049
760511864
760528254
760582716
760661451
760736715
760745795
760763854
760787877
760811696
760826181
760889908
760922031
760932507
760936292
760962202
760989754
761035670
761088580
761107869
761132502
761164170
761253487
761339721
761432632
761513903
761556781
761587227
761677057
761746528
761804582
761826793
761901869
761972010
762069961
762106564
762135247
762194915
762232586
762286308
762369370
762390544
762436009
762532285
762593657
762631281
762649784
762727461
762781989
762808854
762874950
762915624
762944939
762979152
763078589
763080132
763098421
763108027
763201460
763287923
763337300
763375760
763415840
763454246
763476689
763485448
763542291
763599834
763609901
763624825
763700639
763745900
763746638
763764816
763768457
763775724
763839843
763846974
763859017
763951526
764023289
764058911
764136481
764220004
764300837
764346662
764368089
764401898
764417549
764442603
764475252
764511648
764553351
764620771
764717025
764797780
764804957
764850109
764885663
764962622
765004253
765021667
765108914
765200275
765281122
765333007
765376133
765465710
765517867
765605185
765696679
765777535
765851859
765881514
765910788
765975665
766041016
766048714
766142574
766156221
766163090
766241040
766264642
766265763
766349458
766434526
766498398
766532404
766568862
766581124
766604187
766675075
766695206
766701872
766713167
766716770
766813313
766875991
766934662
766980686
766981086
767069779
767110526
767119112
767170441
767257811
767282167
767364388
767421289
767454408
767511350
767538394
767573518
767632000
767700299
767768545
767792604
767818532
767890580
767947333
767966216
768001039
768043449
768072172
768166360
768226512
768315145
768363648
768375560
768464503
768493690
768516592
768533955
768603986
768644484
768671673
768759478
768797712
768840237
768878844
768912288
768963062
768992424
769089791
769139437
769205231
769271094
769277956
769361074
769420620
769495740
769509877
769588800
769606881
769640337
769662352
769674952
769753669
769830055
769913067
770008547
770010481
770049480
770117329
770160090
770175803
770214080
770228509
770230334
770276124
770336098
770425072
770446932
770452237
770516527
770533844
770633701
770709495
770723579
770781616
770812860
770888940
770962483
771011179
771087871
771156554
771173753
771232628
771319229
771415707
771439223
771457371
771496183
771567084
771604516
771695922
771739145
771816140
771887721
771889402
771985003
772058691
772109845
772193766
772223982
772289702
772380797
772449924
772475618
772573574
772593053
772650016
772654600
772734718
772755407
772787003
772873190
772879721
772966975
773041039
773076721
773105180
773145400
773151372
773241754
773334754
773377868
773408617
773490703
773552380
773576174
773604333
773655389
773671898
773715005
773750174
773757138
773796796
773844250
773856844
773953216
773999591
774048999
774144458
774148319
774192699
774287067
774366181
774458110
774500107
774503328
774592295
774624630
774705065
774751105
774827118
774827932
774853683
774930384
774941623
774944052
775036670
775103098
775194682
775275446
775293711
775361764
775447976
775506887
775585632
775643423
775713028
775748428
775810021
775906810
775970824
776047788
776142756
776152473
776216239
776314475
776332755
776372230
776374197
776387842
776411502
776450831
776475853
776525529
776554403
776615452
776681399
776767677
776850334
776854279
776924236
776962631
777014249
777045217
777081769
777131745
777173028
777242552
777337430
777380954
777430708
777462632
777492203
777578006
777612482
777619353
777671673
777700117
777751817
777778429
777789135
777822758
777858220
777862476
777883666
777907103
777939934
777949560
777980301
778076908
778142509
778229285
778275701
778310430
778344151
778424048
778493696
778534868
778588730
778671730
778720073
778756664
778844252
778904519
778914263
778976472
779035111
779078450
779162769
779239794
779300739
779313910
779343268
779347775
779394074
779447735
779530806
779581219
779591563
779611558
779672120
779695391
779764891
779780942
779860343
779905494
779947328
780006459
780070227
780147344
780227338
780266186
780296530
780371253
780384866
780400654
780408271
780455240
780491216
780559124
780565131
780609329
780635371
780724876
780775341
780778776
780835576
780893604
780932313
780943348
780988974
781033243
781108667
781164441
781197408
781243242
781320380
781393540
781405072
781442398
781531294
781549235
781621014
781668922
781723982
781778888
781806444
781849910
781938448
781943078
782016410
782106465
782111795
782186908
782222945
782285612
782295849
782341508
782359278
782393185
782492152
782520402
782600341
782624710
782685668
782751987
782753493
782773257
782783668
782803236
782865117
782956422
782987099
783084534
783094015
783098867
783130949
783203298
783250627
783329019
783349637
783425369
783516832
783594964
783596582
783638815
783688979
783762916
783855841
783903158
783970581
784065088
784069051
784144348
784219178
784271100
784342504
784435639
784459511
784495464
784542414
784641012
784646635
784743299
784794727
784848954
784884415
784919961
784971468
785063522
785138441
785192069
785267823
785334316
785392247
785423805
785442172
785494186
785588164
785600153
785616760
785665167
785750866
785767620
785824345
785907023
785939647
786025842
786028450
786059325
786148830
786174114
786229167
786265313
786339323
786383682
786478756
786518460
786564071
786566712
786652216
786742475
786768200
786838454
786895985
786914153
786950870
787031516
787127391
787138474
787221569
787287175
787370332
787377682
787463903
787546886
787606202
787642455
787678783
787698113
787793093
787857553
787954193
788044731
788068947
788120881
788177381
788182087
788249094
788275031
788347453
788374448
788456752
788485053
788549633
788606770
788655386
788685002
788707614
788770619
788806452
788892938
788944877
788998310
788999848
789009604
789015794
789075661
789117076
789172761
789175743
789180896
789252927
789288399
789316671
789405363
789482172
789534477
789625954
789654373
789671797
789704624
789778156
789851260
789865804
789951540
789987070
790070334
790161476
790189111
790248282
790314895
790341983
790392144
790432670
790468679
790539900
790636953
790696024
790788303
790879245
790966472
791031595
791068256
791080876
791145636
791188017
791235575
791266475
791282067
791342619
791402927
791494051
791520364
791538014
791626876
791723098
791750024
791759459
791821635
791910957
791943630
791958727
792024893
792106373
792185049
792233386
792241884
792271141
792315813
792363390
792378129
792412192
792471763
792551858
792627720
792704631
792757387
792846663
792938690
792992091
793015119
793040392
793100679
793142145
793165136
793169878
793236166
793305397
793333283
793356308
793402914
793472898
793538400
793561300
793609377
793691435
793789279
793819540
793880948
793927539
794001718
794095356
794120117
794168135
794220063
794246526
794276876
794304493
794396989
794444668
794453653
794526527
794592908
794656615
794715303
794723284
794801751
794832136
794876563
794955839
795045303
795134345
795219228
795241861
795303211
795308178
795338405
795413415
795471202
795549856
795606902
795691974
795753815
795774708
795859161
795897914
795940606
795983017
795995764
796030531
796047702
796089363
796099372
796167031
796246275
796250605
796267385
796299613
796345349
796351614
796407707
796458062
796479467
796523947
796585267
796642157
796707942
796710650
796792819
796802628
796875320
796879922
796887680
796964672
797014337
797052283
797090279
797186742
797269249
797280677
797339590
797415165
797509630
797602385
797668983
797734887
797825637
797829356
797886879
797979859
798049310
798068945
798095729
798188367
798252235
798265882
798281784
798328302
798330796
798385582
798402541
798459899
798554174
798561049
798564361
798588422
798654890
798686933
798745676
798818589
798848800
798859602
798873815
798943525
798960957
799048989
799094637
799137649
799152731
799191941
799195208
799207007
799273666
799291534
799294641
799375338
799415123
799447071
799449612
799454456
799538657
799569948
799571617
799620018
799685072
799694409
799760687
799844853
799892837
799990818
800034638
800099955
800185570
800224154
800320611
800346404
800385054
800459119
800557305
800564571
800644003
800739023
800768056
800787987
800794747
800850432
800928506
800952047
801029447
801050196
801050546
801129818
801136081
801217319
801228967
801230368
801313327
801343845
801387689
801434435
801486416
801513417
801545137
801643034
801689267
801747821
801796351
801827500
801892202
801939869
802019702
802020377
802062645
802148012
802188673
802204713
802282500
802339865
802378500
802452623
802541106
802571037
802628878
802714354
802772486
802855972
802924931
803021060
803084612
803174184
803252479
803259734
803262756
803322239
803383789
803405525
803455293
803491255
803528429
803548382
803637769
803722891
803753970
803758657
803856587
803906739
803927583
803972740
803997387
804094773
804160712
804241415
804249434
804312458
804318736
804341099
804390238
804471964
804522605
804570713
804575625
804642908
804687429
804730445
804756752
804793430
804864947
804914837
804971181
805001619
805062160
805098563
805166431
805176043
805186284
805272531
805328407
805401972
805432513
805438698
805506403
805574285
805593898
805668269
805675642
805763916
805821233
805898717
805929498
805938143
806014619
806110421
806133626
806212966
806262277
806267108
806321254
806329286
806424201
806489424
806497403
806569262
806583585
806669350
806756144
806828040
806839447
806938246
807014003
807094409
807178623
807236102
807320571
807394912
807418827
807468104
807499156
807595332
807622643
807643930
807728672
807787499
807847372
807939798
807988565
808058328
808101295
808102287
808124431
808153851
808161047
808246012
808308405
808369342
808380637
808432254
808525970
808539000
808553703
808616935
808652169
808695403
808791850
808886879
808915774
808938379
808965409
808968308
808994912
809014435
809030470
809122347
809140302
809177850
809242278
809271513
809334526
809346381
809368285
809436510
809456094
809457556
809519950
809566922
809620608
809642000
809660658
809694508
809729449
809747411
809764375
809850427
809868787
809929685
809967332
810066460
810148041
810169871
810211459
810294250
810300586
810301422
810321818
810360414
810433633
810493684
810580633
810640477
810670233
810746064
810786563
810804812
810842782
810912855
810931586
810940465
810981250
811005279
811010273
811059335
811144406
811159642
811183258
811226604
811318815
811324248
811386901
811433339
811509371
811587004
811603802
811683621
811738941
811777757
811835159
811871339
811876985
811893835
811896543
811995535
812093349
812106323
812127697
812158070
812194852
812266504
812351928
812410575
812433094
812523312
812555343
812645563
812668632
812765258
812791982
812844156
812845701
812913675
812995461
813033622
813043989
813104528
813171204
813259060
813357845
813364100
813367849
813384025
